LAD_CODE,TOTAL_POPULATION,RURAL_URBAN,INCOME_LEVEL,EDUCATION_LEVEL,EARLY_CHILDHOOD,CHILDHOOD_ELEMENTARY_SCHOOL,ADOLESCENSE_TEEN_YEARS,YOUNG_ADULTS_EARLY,PRIME_SETTLING_FAMILY_FORMATION,ESTABLISHED_CAREER_MIDDLE_AGE,PRE_RETIREMENT_EMPTY_NESTERS,RETIREMENT_SENIOR_YEARS,DEMO_MARITAL_SINGLE_NEVER_MARRIED,DEMO_MARITAL_MARRIED_OR_CIVIL_PARTNERSHIP,DEMO_MARITAL_DIVORCED_OR_SEPARATED,DEMO_MARITAL_WIDOWED,DEMO_FAMILY_COUPLES_NO_CHILDREN,DEMO_FAMILY_COUPLES_WITH_DEPENDENT_CHILDREN,DEMO_FAMILY_SINGLE_PARENT_WITH_DEPENDENT_CHILDREN,DEMO_FAMILY_SINGLE_PERSON_HOUSEHOLD,BEHAVIORAL_DIGITAL_MEDIA_CONSUMPTION_INDEX,BEHAVIORAL_FAST_FASHION_RETAIL_PROPENSITY,BEHAVIORAL_GROCERY_ONLINE_DELIVERY_USE,BEHAVIORAL_FINANCIAL_INVESTMENT_INTEREST
E09000010,357291,Urban,Mid,Graduate,0.06148706149,0.0944040944,0.08944308944,0.0824010824,0.1293151293,0.2085772086,0.1876641877,0.1467081467,0.4221455817,0.3815511761,0.1375985378,0.05870470439,0.3279955499,0.3272048633,0.08580896376,0.258990623,7.415907502,6.432544501,6.82698506,5.347767006
E09000011,317725,Urban,Mid,Graduate,0.06162681512,0.08425374724,0.07221378336,0.08787573637,0.1858714424,0.2364742906,0.1640685078,0.1076156772,0.4183638819,0.382097241,0.1384835038,0.06105537334,0.328,0.327,0.086,0.259,7.265780436,6.601458615,6.924999035,5.489575535
E09000012,306389,Urban,Mid,Graduate,0.061115,0.074615,0.067417,0.096658,0.256677,0.212283,0.146515,0.08472,0.4500920044,0.3504534502,0.1493362541,0.05011829135,0.328,0.3270030668,0.08599693319,0.259,7.760306681,6.599759036,7.242891566,5.738050383
E09000013,228048,Urban,Mid,Graduate,0.049887,0.063747,0.055722,0.114809,0.237048,0.202592,0.167553,0.108642,0.4439256647,0.3717091698,0.1316657623,0.05269940315,0.328,0.3270759631,0.0859240369,0.259,8.01950624,6.768041237,7.484183397,6.890423223
E09000014,295948,Urban,Mid,Graduate,0.0567001134,0.07634715269,0.07028214056,0.085502171,0.1863203726,0.2303784608,0.1817123634,0.1127572255,0.4440192998,0.3625897666,0.1389452424,0.0544456912,0.328,0.327,0.086,0.259,7.593850987,6.588375224,7.117594255,5.833864452
E09000015,278984,Urban,Mid,Graduate,0.06064689672,0.08612881449,0.07651799692,0.07960107579,0.1547732859,0.2175016854,0.1675122874,0.1573179574,0.3492115346,0.4646581972,0.1196168582,0.06651340996,0.328,0.327395241,0.08560475902,0.259,7.20815487,6.435670498,6.855146199,6.050522283
E09000016,285881,Urban,Mid,Graduate,0.06242318727,0.09348028044,0.07494322483,0.07198421595,0.1363614091,0.2120966363,0.1760255281,0.1726855181,0.3566646814,0.4394242605,0.1253444511,0.07856660711,0.328,0.3270027794,0.08599722057,0.259,3.284292237,2.93449871,3.033357157,2.497792337
E09000017,335943,Urban,Mid,Graduate,0.064195,0.089355,0.075878,0.095266,0.155365,0.222071,0.166644,0.131226,0.3536520756,0.4480035535,0.1206735584,0.07767081247,0.328,0.327,0.086,0.259,3.704471006,3.319791633,3.448373445,2.838643192
E09000018,316360,Urban,Mid,Graduate,0.06047963712,0.08728047632,0.07785253288,0.08422849463,0.1577720534,0.2369855781,0.1730859615,0.1223152661,0.3970189593,0.4161778943,0.128810004,0.0579931424,0.328,0.3271064946,0.08589350545,0.259,7.129715611,6.207648245,6.883249294,5.855395321
E09000019,347962,Urban,Mid,Graduate,0.04757814273,0.05967517903,0.05247715743,0.1251613755,0.2616487849,0.2036206109,0.1528554586,0.09698329095,0.4507465008,0.3496314152,0.1495800933,0.05004199067,0.328,0.327,0.086,0.259,7.890800933,6.601169518,7.327073095,6.650505443
E09000020,187152,Urban,Mid,Graduate,0.04408491183,0.06138887722,0.05059589881,0.101019798,0.1848616303,0.1955676089,0.2080775838,0.1544036912,0.412176118,0.3986537575,0.1220839096,0.06708621485,0.328,0.327,0.086,0.259,8.112540341,6.550138313,7.654887045,7.382319041
E08000037,235371,Rural,Mid,Some College,0.04883495117,0.07924192076,0.07124292876,0.07483692516,0.1361068639,0.1897318103,0.1962108038,0.2037937962,0.3285805085,0.4594587827,0.1287885208,0.08317218798,0.3097422958,0.2873817411,0.07787596302,0.325,1.944083205,1.692580894,1.628432203,1.458476502
E08000038,267300,Rural,Lower,High School,0.05875515487,0.08013328985,0.0686423893,0.08323907145,0.1230544977,0.1839568081,0.1727651692,0.2294536195,0.346354364,0.4405026956,0.1329666327,0.08017630774,0.3439669669,0.2944717141,0.05966742247,0.3018938965,2.051184613,1.59789305,1.640489582,1.445466997
E08000039,677493,Urban,Lower,High School,0.05757087903,0.0785731938,0.07070624112,0.1181111819,0.1332900666,0.1777797214,0.1604957088,0.2034730074,0.3943584539,0.4115681299,0.1244726381,0.06960077814,0.3425157781,0.2947925585,0.06065971811,0.3020319453,4.718896219,3.822319208,3.732097606,2.98219572
E09000001,35053,Urban Core,Mid,Graduate,0.01581598418,0.02031797968,0.01991898008,0.1563768436,0.339023661,0.2265227735,0.1294418706,0.09258190742,0.4521289919,0.3495616781,0.14830933,0.05,0.328,0.327,0.086,0.259,8.436318096,6.865623043,7.645209768,8.312961803
E09000002,226959,Urban,Lower,Some College,0.07756553461,0.1117863293,0.0962164227,0.09192344846,0.1564910611,0.2275586346,0.1524740852,0.08598448409,0.4023315893,0.4071811642,0.1263047744,0.0641824722,0.328,0.327,0.086,0.259,3.932092871,3.601635056,3.626196861,2.770480706
E09000003,425248,Urban,Mid,Graduate,0.0599597002,0.09089054555,0.08085259574,0.07675761621,0.1464142679,0.2204598977,0.1749111254,0.1497542512,0.4011887955,0.4115809524,0.1225859944,0.0646442577,0.3279912605,0.3270151261,0.08598901961,0.2590045938,6.807871148,5.903482353,6.339442017,5.204203922
E09000004,263903,Urban,Mid,College,0.05786305786,0.09085709086,0.08028208028,0.07586807587,0.1302011302,0.2137752138,0.1856111856,0.1655421655,0.3790539927,0.423030853,0.1207849365,0.07713021779,0.328,0.3270349365,0.08596506352,0.259,5.046914701,4.562976407,4.608575318,3.735989111
E09000005,380562,Urban,Mid,Graduate,0.06032206032,0.07933107933,0.07282907283,0.1088331088,0.1803121803,0.2072152072,0.1694871695,0.1216701217,0.4058715131,0.431523246,0.1067168216,0.05588841927,0.328,0.3270023669,0.08599763314,0.259,7.241749789,6.62112426,6.691563821,5.457557058
E09000006,352320,Urban,Mid,Graduate,0.05546811094,0.0871021742,0.07649715299,0.0606481213,0.1192922386,0.2252754506,0.1968293937,0.1788873578,0.3534184378,0.4458114822,0.1219541816,0.07881589843,0.328,0.3270126967,0.08598730334,0.259,5.431752691,4.683092741,5.030471985,4.56615098
E09000007,368385,Urban,Lower,Graduate,0.04444586666,0.06121381636,0.05694482917,0.1571015287,0.2002683992,0.1951714145,0.1635685093,0.1212856361,0.4499939091,0.3523547326,0.1475003045,0.05015105372,0.328,0.327,0.086,0.259,7.784238031,6.508988915,7.229924473,6.359069314
E09000008,422936,Urban,Mid,Graduate,0.06291825167,0.08800435202,0.07857931432,0.07481729927,0.1544346177,0.221248885,0.1814007256,0.1385965544,0.3682901261,0.4346267177,0.1219535345,0.07512962176,0.328,0.327,0.086,0.259,6.480318742,5.873348916,6.013666242,4.888553619
E09000009,427971,Urban,Lower,Graduate,0.05752505753,0.08114108114,0.07471007471,0.09666509667,0.1682601683,0.2229272229,0.1727421727,0.126029126,0.4147659574,0.4036048632,0.1247568389,0.05687234043,0.328,0.3270234043,0.08597659574,0.259,7.483392097,6.582044073,7.105148936,5.591557751
E09000021,187485,Urban,Mid,Graduate,0.05157679369,0.08595565618,0.07742169031,0.09159063364,0.1365924536,0.2258290967,0.1809082764,0.1501253995,0.3670277222,0.4489882824,0.1206087454,0.06337525007,0.328,0.327002858,0.08599714204,0.259,7.5121006,6.431934839,7.065647328,6.477419263
E09000022,359297,Urban,Mid,Graduate,0.0459261837,0.06010624042,0.05632322529,0.1025344101,0.2724560898,0.2017868071,0.1661616646,0.09470537882,0.4499837741,0.3500567905,0.1499026448,0.05005679052,0.328,0.327,0.086,0.259,7.784374493,6.505133863,7.195969495,5.956725621
E09000023,325399,Urban,Lower,Graduate,0.05873805874,0.07933207933,0.06790906791,0.08431708432,0.1925081925,0.2374072374,0.1765311765,0.1032571033,0.4308218356,0.3737972406,0.1367806439,0.05860027994,0.328,0.3269832034,0.08601679664,0.259,7.507946411,6.636172765,6.867618476,5.741019796
E09000024,234910,Urban,Mid,Graduate,0.05841088318,0.08497783004,0.07258585483,0.07056385887,0.1668176664,0.2364375271,0.178009644,0.1321967356,0.3680739935,0.4440560392,0.1200108814,0.06785908596,0.328,0.3270016322,0.08599836779,0.259,7.358773123,6.492467356,7.05039173,6.144474973
E09000025,416368,Urban,Lower,College,0.06836686327,0.08391283217,0.07309585381,0.1213357573,0.2216105568,0.2188755622,0.137486725,0.07531584937,0.4497448862,0.3845598713,0.1155803264,0.05011491611,0.328,0.3272316709,0.08576832912,0.259,7.232957941,6.783704895,7.474557573,5.36554815
E09000026,318110,Urban,Mid,Graduate,0.068162,0.094134,0.08105,0.09068,0.159238,0.220745,0.160336,0.125655,0.3535310734,0.4581681877,0.1229856584,0.0653150804,0.328,0.3282616254,0.08473837462,0.259,5.148092134,4.660373751,4.916056063,3.955971317
E09000027,211011,Urban,Mid,Graduate,0.05061410123,0.09179518359,0.081499163,0.06101412203,0.1106632213,0.2239294479,0.2107354215,0.1697493395,0.3573486573,0.4460537096,0.1190828402,0.0775147929,0.328,0.3270091033,0.08599089668,0.259,7.552448794,6.250097861,7.037624033,6.81357533
E09000028,423830,Urban,Mid,Graduate,0.04828609657,0.06744213488,0.06098012196,0.1145292291,0.2393164786,0.2136574273,0.1646743293,0.09111418223,0.4208548791,0.3851028635,0.134617737,0.05942452043,0.328,0.3270019461,0.08599805393,0.259,7.794519044,6.544892966,7.225426745,6.733505699
E09000029,218322,Urban,Mid,Graduate,0.05493094507,0.0963989036,0.08572491428,0.06374093626,0.1215098785,0.2372837627,0.1870968129,0.1533138467,0.3504587869,0.4500285122,0.1214852255,0.07802747538,0.328,0.3269989632,0.08600103681,0.259,6.170461379,5.497941939,5.8087014,4.867770866
E09000030,381115,Urban,Mid,Graduate,0.05692234153,0.07067942408,0.06244137465,0.1397618386,0.2762976578,0.2220863325,0.1128786773,0.05893235359,0.4539945374,0.3853397064,0.1106657562,0.05,0.328,0.3270017071,0.08599829293,0.259,7.752355753,6.591550017,7.609405941,5.758996244
E09000031,308859,Urban,Lower,College,0.06714220143,0.08534525604,0.07152421457,0.0771332314,0.1727755183,0.2536887611,0.1649074947,0.1074833224,0.4229347258,0.3862480418,0.1302167102,0.06060052219,0.328,0.3269989556,0.08600104439,0.259,7.226856397,6.655417755,6.582498695,5.353070496
E07000067,178233,Rural,Mid,College,0.05273794726,0.08170891829,0.07115592884,0.06330993669,0.1278178722,0.1904998095,0.2044307956,0.2083387917,0.3055543455,0.490860379,0.1239751688,0.07961010673,0.342,0.3191668482,0.06083315182,0.278,1.276225223,1.008815073,1.029658027,1.021895012
E07000068,85709,Rural,Lower,High School,0.05652611305,0.08402116804,0.0714011428,0.05933711867,0.1306132612,0.2008164016,0.1961273923,0.2011574023,0.3164411492,0.4773123262,0.1251204819,0.08112604263,0.342,0.3191070436,0.06089295644,0.278,2.920759963,2.460875811,2.584416126,2.462038925
E07000069,97387,Suburban,Mid,College,0.048000856,0.07628377115,0.06979479062,0.06421780735,0.1109616671,0.1708084876,0.2025493924,0.2573832279,0.3066177908,0.4881378299,0.1267790811,0.07846529814,0.342,0.3193181818,0.06068181818,0.278,1.550317693,1.245371457,1.376490714,1.292184751
E07000070,208518,Rural,Lower,Some College,0.05277031662,0.08586151517,0.07374844249,0.06942041652,0.1300317802,0.2053842323,0.190340142,0.1924431547,0.317443299,0.4796403207,0.1270126002,0.07590378007,0.342,0.3192639175,0.06073608247,0.278,3.04052921,2.585573883,2.703986254,2.489747995
E07000071,206203,Rural,Mid,College,0.053621,0.086988,0.074702,0.086654,0.133847,0.203209,0.180954,0.180025,0.3262671756,0.4738759542,0.122110687,0.07774618321,0.342,0.3191948473,0.06080515267,0.278,2.508019084,2.129076336,2.172885496,1.905681298
E07000072,144472,Rural,Mid,College,0.05679111358,0.08087916176,0.07148014296,0.06844613689,0.117475235,0.2008794018,0.2028864058,0.2011624023,0.3206140106,0.4773625454,0.1240161876,0.07800725649,0.342,0.3192079263,0.06079207368,0.278,3.031945297,2.57174993,2.733363104,2.556561541
E07000073,114103,Urban,Lower,High School,0.06790993209,0.0996989003,0.08156891843,0.06897793102,0.145967854,0.2232597767,0.169012831,0.1436038564,0.338807947,0.4574944812,0.125700883,0.07799668874,0.342,0.3194707506,0.06052924945,0.278,1.947924945,1.73634106,1.638857616,1.347262693
E07000074,74817,Rural,Mid,Some College,0.04507413522,0.07235521707,0.0646011938,0.06098618296,0.1057703173,0.1659604979,0.2259766779,0.2592757778,0.2973910841,0.4937993921,0.1262056738,0.08260385005,0.342,0.3191241135,0.06087588652,0.278,1.194057751,0.9413880446,0.9810131712,1.064042553
E07000075,96481,Rural,Lower,High School,0.05013610027,0.07843815688,0.07241514483,0.06575713151,0.1124652249,0.1810833622,0.2086754174,0.2310294621,0.3113734713,0.4889134525,0.1236453434,0.07606773283,0.342,0.3191425212,0.06085747883,0.278,1.364778928,1.072685795,1.176105362,1.113428975
E07000076,162905,Rural,Mid,Some College,0.04441217765,0.07090628363,0.06303325213,0.05828023312,0.1031264125,0.1535216141,0.2121278485,0.2945921784,0.3050542571,0.4917445743,0.1237687813,0.07943238731,0.342,0.3191087229,0.06089127713,0.278,1.043388982,0.7937625209,0.8565233723,0.8378109349
E07000077,102145,Rural,Lower,High School,0.051163,0.087292,0.077776,0.060744,0.100447,0.193216,0.215611,0.213751,0.3066831194,0.4907666996,0.1242810135,0.07826916749,0.342,0.3191559724,0.06084402764,0.278,0.9183514314,0.7029746627,0.7172063179,0.73656795
E07000078,138264,Urban,Mid,College,0.04609081564,0.0764746941,0.07729669081,0.08422066312,0.1341894632,0.1961242155,0.1874422502,0.1981612074,0.3307415036,0.4715242019,0.1250566426,0.07267765191,0.3679392379,0.2769770855,0.04808367662,0.307,2.368236354,2.029788877,2.036078785,1.738759011
E07000192,119788,Rural,Mid,College,0.05107094893,0.0794049206,0.06843293157,0.06654093346,0.138959861,0.1846308154,0.2108787891,0.2000807999,0.3081408827,0.4847213553,0.12600535,0.08113241195,0.33,0.2973205528,0.09267944717,0.28,1.030013375,0.8505439144,0.8557200178,0.7822960321
E07000193,146016,Rural,Mid,College,0.05635511271,0.0858491717,0.07499714999,0.06759113518,0.1299402599,0.1911463823,0.2013514027,0.1927693855,0.3154991653,0.4820367279,0.1261502504,0.07631385643,0.3297262104,0.2996360601,0.09063772955,0.28,1.49239399,1.253085142,1.227085142,1.174540902
E07000194,125955,Rural,Mid,College,0.04693909388,0.07493014986,0.06687913376,0.06343212686,0.1193132386,0.1776973554,0.2106004212,0.2402084804,0.2991018158,0.4899383917,0.1292153048,0.08174448768,0.3299740597,0.299419585,0.09060635538,0.28,1.368031777,1.096523995,1.183790532,1.140745785
E07000195,143347,Rural,Mid,College,0.04557413672,0.07287421862,0.06458219375,0.1070333211,0.116013348,0.1770485311,0.1997555993,0.2171186514,0.3184805764,0.4778853383,0.1235275689,0.08010651629,0.3298120301,0.2995238095,0.0906641604,0.28,1.189254386,0.9868076441,0.9670958647,0.8510338346
E07000196,121344,Rural,Mid,Some College,0.04267395733,0.07145492855,0.06321193679,0.05999694,0.1125298875,0.1720808279,0.2196507803,0.2584007416,0.2851195545,0.5103734032,0.1235800852,0.08092695709,0.33,0.2993678349,0.09063216508,0.28,0.6666000655,0.4792204389,0.4710219456,0.4895610875
E07000197,160036,Rural,Mid,College,0.04668181327,0.07611669553,0.06769072924,0.05821776713,0.1210325159,0.1832982668,0.2133861465,0.2335760657,0.305257334,0.4915568708,0.123857437,0.07932835821,0.3299382398,0.3001080803,0.08995367988,0.28,1.15987648,0.9528615543,0.9436901698,0.8651003603
E07000198,107796,Rural,Mid,Some College,0.04003095997,0.06899093101,0.06711793288,0.05918294082,0.09961590038,0.1635668364,0.2308397692,0.2706547293,0.300249004,0.492685923,0.1266666667,0.08039840637,0.33,0.298814741,0.09118525896,0.28,0.7768061089,0.5851095618,0.6108300133,0.6118791501
E07000199,97594,Urban,Mid,College,0.05441605442,0.08255908256,0.07447307447,0.06703906704,0.138035138,0.1931771932,0.196973197,0.1933271933,0.3116977492,0.4805723473,0.1273118971,0.08041800643,0.33,0.2964565916,0.09354340836,0.28,0.9155819936,0.7396655949,0.7391832797,0.6711318328
E07000200,102666,Rural,Lower,High School,0.04325395675,0.07086092914,0.06835893164,0.05848494152,0.1022118978,0.1666778333,0.2188747811,0.2712767287,0.3071745941,0.4940301908,0.1217373968,0.07705781829,0.342,0.3191515238,0.06084847622,0.278,2.630165195,2.019512959,2.115075477,2.540034178
E07000202,161221,Urban,Mid,College,0.05775017325,0.09242627728,0.07865423596,0.07404822214,0.1395854188,0.2075566227,0.179013537,0.1709655129,0.3338072433,0.4598952409,0.1285932356,0.07770428016,0.342,0.3193891051,0.06061089494,0.278,3.892095181,3.485267884,3.379051182,2.894390901
E07000203,116737,Rural,Lower,High School,0.04464977675,0.06977265114,0.06623366883,0.06058269709,0.1131574342,0.170200149,0.2194979025,0.2559057205,0.2923728418,0.5045450303,0.1230564629,0.08002566496,0.342,0.3193646757,0.06063532431,0.278,1.023238451,0.7870578628,0.7784857676,0.8317032198
E07000234,109883,Rural,Lower,High School,0.04727414182,0.08130924393,0.07688523066,0.0599011797,0.1055023165,0.1858285575,0.2106016318,0.2326976981,0.2993460208,0.4953287197,0.1256920415,0.07963321799,0.33,0.2994602076,0.09053979239,0.28,0.9381937716,0.7324740484,0.7641038062,0.7347785467
E07000235,89946,Rural,Lower,High School,0.03764403764,0.06762206762,0.07221107221,0.05715705716,0.09614609615,0.1566811567,0.2263342263,0.2862042862,0.289516129,0.5081085044,0.1220894428,0.08028592375,0.33,0.3019904692,0.08800953079,0.28,0.7986363636,0.582818915,0.5942228739,0.6402309384
E07000236,107842,Rural,Mid,College,0.05486805487,0.08572908573,0.07444707445,0.06670706671,0.1331291331,0.2058572059,0.1872351872,0.192027192,0.3292261185,0.4721039903,0.1246916566,0.07397823458,0.328458283,0.3038573156,0.08768440145,0.28,1.839546554,1.610888755,1.514673519,1.269026602
E07000237,124367,Urban,Mid,College,0.04813824069,0.07777238886,0.06904434522,0.09628648143,0.1415657078,0.1940649703,0.1911479557,0.1819799099,0.3286598746,0.470869906,0.1234992163,0.07697100313,0.3290869906,0.2990948276,0.09181818182,0.28,2.096038401,1.842668495,1.773373824,1.520431034
E07000238,148354,Rural,Lower,High School,0.04491477543,0.07426662867,0.065600672,0.05763771181,0.1060884696,0.1749001255,0.2203828981,0.256208719,0.2951626954,0.5001050474,0.1238995644,0.0808326928,0.33,0.3008711248,0.08912887522,0.28,0.8197181655,0.6108378171,0.5901434794,0.6136356649
E07000239,128135,Rural,Mid,College,0.04341104341,0.07450507451,0.06748006748,0.06212806213,0.1136241136,0.1711901712,0.2133432133,0.2543182543,0.300348063,0.4962711864,0.1242736077,0.07910714286,0.33,0.3010562954,0.0889437046,0.28,1.116679782,0.8840496368,0.9012621065,0.8831567797
E07000240,165229,Rural,Mid,College,0.052498895,0.09680580639,0.09160881678,0.05651788696,0.1076607847,0.2166925666,0.2023935952,0.1758216484,0.3192539926,0.4754320718,0.1263924743,0.07892146139,0.342,0.3190820389,0.06091796106,0.278,4.917860424,4.197805732,4.49442354,4.222633997
E07000241,132006,Rural,Lower,High School,0.05311078756,0.08436966252,0.07340970636,0.1030785877,0.1381864473,0.2087221651,0.1771382914,0.1619843521,0.3513707935,0.4515714727,0.1220037048,0.07505402902,0.342,0.3190632911,0.06093670886,0.278,3.853596789,3.443164557,3.397758567,2.863204693
E07000242,171936,Rural,Mid,Some College,0.05414405414,0.08341708342,0.08152308152,0.05958105958,0.1229061229,0.2027472027,0.2065732066,0.1891081891,0.3115605573,0.4803772776,0.1258199357,0.08224222937,0.342,0.3194632369,0.06053676313,0.278,1.740246517,1.490857449,1.443832797,1.380823151
E07000243,102389,Urban,Lower,Some College,0.05777282668,0.0907987276,0.07906276281,0.07044478867,0.1459665621,0.2138173585,0.1854564436,0.15668053,0.3613333333,0.4377708333,0.1267760417,0.07411979167,0.342,0.31915,0.06085,0.278,3.62190625,3.396447917,3.133588542,2.437692708
E07000244,275260,Rural,Mid,College,0.03904274422,0.07016306419,0.067642388,0.05937586508,0.09706669744,0.1582479593,0.2186845206,0.2897767612,0.3061220668,0.4863512174,0.1264492674,0.0810774485,0.342,0.3191988542,0.06080114575,0.278,1.20165363,0.9189049245,0.9397036466,0.9562873196
E07000117,107012,Rural,Mid,Some College,0.058741,0.092409,0.081032,0.079106,0.13405,0.190622,0.183941,0.180099,0.3325919732,0.4492307692,0.1355225753,0.08265468227,0.3281270903,0.2711705686,0.07070234114,0.33,0.8877717391,0.7901254181,0.6654682274,0.5363294314
E07000118,130283,Rural,Mid,Some College,0.04630995369,0.08094191906,0.07153292847,0.06284393716,0.1181568818,0.1982638017,0.2127717872,0.2091787908,0.3131860545,0.474166379,0.1299689334,0.08267863307,0.3291853642,0.2704936141,0.07032102175,0.33,1.226744909,0.9981014843,1.037742492,0.9245840525
E07000119,93754,Rural,Lower,High School,0.038797,0.06528,0.061979,0.053131,0.096118,0.162501,0.231756,0.290438,0.3053492334,0.4821379898,0.1305025554,0.08201022147,0.3298935264,0.2700596252,0.07004684838,0.33,1.426477853,1.146039182,1.239425043,1.157086882
E07000120,95729,Rural,Mid,Some College,0.05827494173,0.08855591144,0.0790969209,0.08068991931,0.1365598634,0.1854328146,0.1914158086,0.17997382,0.334995,0.452565,0.13052,0.08192,0.33,0.27,0.07,0.33,1.34204,1.20983,1.10119,0.887985
E07000121,157778,Rural,Mid,Some College,0.04522595477,0.07175592824,0.06563193437,0.1403118597,0.103044897,0.1713928286,0.1927078073,0.2099287901,0.3385818267,0.4583517258,0.1265531815,0.07651326602,0.3297182437,0.2701760977,0.07010565861,0.33,2.258154496,1.918210848,1.855353369,1.621345386
E07000122,105816,Rural,Mid,Some College,0.06159730799,0.0939594698,0.0849394247,0.07881639408,0.1242776214,0.1907139536,0.182196911,0.1834989175,0.3389557283,0.4568671849,0.1241331531,0.08004393376,0.3298918554,0.2700675904,0.07004055424,0.33,1.644626563,1.461740453,1.378773234,1.190432579
E07000123,190428,Rural,Mid,College,0.05989064066,0.08897046618,0.07358955846,0.1147513115,0.1588930466,0.1922148467,0.1691039854,0.1425861445,0.3663631331,0.4336783836,0.123814005,0.07614447827,0.3280071962,0.2712455024,0.07074730141,0.33,3.280343205,2.903783559,2.79731525,2.275950733
E07000124,72463,Rural,Lower,High School,0.04115804116,0.06929306929,0.0762980763,0.0586980587,0.1013931014,0.16998517,0.2324822325,0.2506922507,0.3123816568,0.4758234714,0.130739645,0.08105522682,0.33,0.27,0.07,0.33,1.360991124,1.101193294,1.156365878,1.123934911
E07000125,78259,Rural,Mid,College,0.05021479914,0.08445366219,0.07836268655,0.06675373299,0.1241965032,0.1919492322,0.2095161619,0.1945532218,0.3273571722,0.4577311961,0.1307357172,0.08417591451,0.328729963,0.2707973695,0.07047266749,0.33,1.681126182,1.483004521,1.473551171,1.206872174
E07000126,130373,Rural,Mid,College,0.0468000936,0.07780315561,0.07098214196,0.06530813062,0.1211742423,0.1864653729,0.2112324225,0.2202344405,0.3190888639,0.4733783277,0.1295050619,0.07802774653,0.3299100112,0.270056243,0.07003374578,0.33,1.639628796,1.378410199,1.448725159,1.253412073
E07000127,135105,Rural,Mid,College,0.04563304563,0.07212507213,0.06765106765,0.1080781081,0.1041021041,0.1650571651,0.2123762124,0.224977225,0.3210155697,0.4730573248,0.1274593064,0.07846779901,0.3299115357,0.2700566171,0.07003184713,0.33,1.199072895,0.9596284501,0.9362703468,0.8781740977
E09000032,393601,Urban,Mid,Graduate,0.05342289315,0.06691786616,0.05359489281,0.08631882736,0.2818854362,0.2117475765,0.1467477065,0.09936480127,0.4439359669,0.3778416693,0.1275310608,0.05069130296,0.328,0.32700223,0.08599776999,0.259,7.877588404,6.698518637,7.391000319,6.865960497
E09000033,410065,Urban,Lower,Graduate,0.04341604342,0.05030605031,0.04834904835,0.1222971223,0.2244992245,0.2021042021,0.1827041827,0.1263241263,0.4542642688,0.3800609617,0.1150400061,0.05063476339,0.3280042991,0.2964517252,0.116540581,0.2590033947,7.888363941,6.670837461,7.208999467,6.554309228
E07000139,127432,Rural,Lower,High School,0.04242812728,0.07638722916,0.06961720885,0.06271818815,0.1141023423,0.1763155289,0.2193736581,0.2390577172,0.2869569041,0.5127821753,0.1213837584,0.07887716212,0.366,0.3181322193,0.05486778071,0.261,0.9453356787,0.6941072999,0.6776839636,0.7615596599
E07000140,111289,Rural,Lower,High School,0.04772595227,0.07871292129,0.06738393262,0.05833894166,0.113002887,0.178040822,0.2148067852,0.241987758,0.2862067749,0.5131298518,0.1207904023,0.07987297107,0.366,0.318,0.055,0.261,0.902942837,0.6713902611,0.6548306281,0.7264643613
E07000141,162189,Rural,Mid,College,0.044363,0.078885,0.075064,0.056289,0.109664,0.180196,0.216973,0.238566,0.2925773441,0.5066039981,0.121539743,0.0792789148,0.366,0.3180071395,0.05499286054,0.261,0.9742051404,0.7482651119,0.7434673965,0.772394098
E07000142,105677,Rural,Lower,High School,0.04156004156,0.07694907695,0.06877506878,0.05702205702,0.105960106,0.1681711682,0.2243362243,0.2572262572,0.2932362754,0.5042917804,0.122162572,0.08030937216,0.366,0.3178644222,0.0551355778,0.261,0.8310191083,0.6170306339,0.5892872308,0.6801152563
E07000143,158194,Rural,Mid,Some College,0.04511,0.074464,0.066191,0.060047,0.114691,0.169426,0.214083,0.255988,0.2988832055,0.4946121057,0.125400682,0.08110400682,0.342,0.319301364,0.06069863598,0.278,0.8808631714,0.6773614663,0.6370652174,0.7313853367
E07000144,159413,Rural,Mid,College,0.04198095802,0.07361192639,0.06596093404,0.05710894289,0.1065018935,0.1783328217,0.2162407838,0.2602617397,0.3029959801,0.4929132183,0.1234641759,0.08062662568,0.342,0.3190874911,0.06091250887,0.278,1.017110428,0.7727689761,0.78018917,0.8187869473
E07000145,115808,Rural,Mid,Some College,0.04748004748,0.07678207678,0.06974106974,0.06537406537,0.1132111132,0.1671651672,0.2121392121,0.2481072481,0.3202044542,0.4743884629,0.1256297919,0.07977729098,0.342,0.3192876962,0.06071230376,0.278,0.8021869295,0.6547827674,0.5498576123,0.5265790434
E07000146,177457,Rural,Lower,High School,0.045043,0.074985,0.065081,0.058859,0.10901,0.167534,0.213929,0.265559,0.3112861926,0.4842643293,0.124313571,0.08013590703,0.342,0.3191930274,0.06080697262,0.278,1.040490447,0.8067520189,0.766929289,0.8163639945
E07000147,115482,Rural,Mid,Some College,0.03089606179,0.05843111686,0.06043612087,0.04982809966,0.0832511665,0.1409452819,0.2266574533,0.3495546991,0.2975947137,0.4928171806,0.1262290749,0.08335903084,0.342,0.3191099119,0.06089008811,0.278,1.624447137,1.28884141,1.237092511,1.554262115
E07000148,160706,Urban,Mid,College,0.04569204569,0.07112207112,0.06237206237,0.154014154,0.1674251674,0.1954711955,0.1546111546,0.1492921493,0.3642426953,0.4362939773,0.1252206321,0.07424269529,0.342,0.3192921884,0.06070781157,0.278,3.808494335,3.341765057,3.174269529,2.672963626
E07000149,153377,Rural,Lower,High School,0.04558390883,0.07996184008,0.07156685687,0.05490889018,0.1057877884,0.1853926292,0.2090895818,0.2477085046,0.3006428276,0.4939685821,0.1249937991,0.08039479124,0.342,0.3191558495,0.06084415048,0.278,1.568501447,1.214803638,1.321622571,1.344735428
E07000170,139206,Rural,Mid,Some College,0.05127694872,0.08293291707,0.07332692667,0.06720593279,0.1292478708,0.1886198114,0.2068367932,0.2005527994,0.3147728938,0.4754542125,0.1301684982,0.0796043956,0.366,0.3180106227,0.05498937729,0.261,1.150937729,0.9526886447,0.9147362637,0.8002564103
E06000001,109216,Rural,Mid,High School,0.05238394762,0.0848029152,0.07762292238,0.07712392288,0.1262268738,0.1778768221,0.2038397962,0.2001227999,0.3202827381,0.4592075893,0.1362797619,0.08422991071,0.3183541667,0.2837552083,0.072890625,0.325,0.9583407738,0.8498251488,0.7194642857,0.6434077381
E06000002,167462,Urban,Mid,Some College,0.06054024216,0.0911743647,0.07636430546,0.09056036224,0.1621276485,0.1870257481,0.1658356633,0.1663716655,0.3425645708,0.4519384294,0.1250221758,0.0804748239,0.2999911297,0.2872817636,0.0877271067,0.325,2.085465693,1.963274198,1.70561701,1.44828072
E06000003,154333,Rural,Mid,Some College,0.04720314161,0.0781672345,0.07214121642,0.06718520156,0.1119583359,0.1674885025,0.2153586461,0.2404977215,0.316919105,0.4680304893,0.1295918367,0.08545856897,0.3449791001,0.267280059,0.06274084091,0.325,1.162301451,0.9694221785,0.889867224,0.8737742808
E06000004,231994,Rural,Mid,Some College,0.05182705183,0.08618508619,0.07997007997,0.0667020667,0.1294201294,0.1955611956,0.1954271954,0.1949071949,0.3156991796,0.4715095716,0.1310628988,0.08172835005,0.319379763,0.2856021878,0.07001804923,0.325,1.253524157,1.085383774,0.9938486782,0.8961057429
E06000005,136923,Rural,Mid,College,0.04933004933,0.07895007895,0.07414907415,0.06541206541,0.1284751285,0.1886311886,0.2035052035,0.2115472115,0.3156597874,0.4757129456,0.1245434647,0.08408380238,0.3428861789,0.2692213884,0.06289243277,0.325,2.32720763,2.005259537,1.892851782,1.890218887
E06000006,160873,Rural,Lower,High School,0.051914,0.083076,0.075884,0.07371,0.127759,0.195412,0.199311,0.192934,0.3318032268,0.4523726669,0.1356690921,0.08015501424,0.3292186017,0.2705188232,0.07026257513,0.33,0.7457291996,0.6417241379,0.5405188232,0.438525783
E06000007,251646,Rural,Mid,College,0.04800590399,0.08378583243,0.07619584761,0.06333187334,0.1208307583,0.2003795992,0.2092945814,0.1981756036,0.3284149014,0.4583217677,0.1309404675,0.0823228634,0.3297954711,0.2701278305,0.07007669832,0.33,1.685551497,1.469223886,1.464459459,1.212991234
E06000008,189249,Rural,Mid,Some College,0.063327,0.101305,0.092562,0.090088,0.13567,0.199728,0.17474,0.14258,0.3258758701,0.4627842227,0.1316444316,0.07969547564,0.3221693735,0.2754553364,0.07237529002,0.33,0.9801885151,0.8646258701,0.7788950116,0.6548288863
E06000009,163345,Urban,Mid,College,0.05096805097,0.08013708014,0.06948406948,0.07164107164,0.1261381261,0.1796501797,0.214028214,0.207953208,0.3277377235,0.4489809821,0.142253761,0.08102753335,0.33,0.27,0.07,0.33,1.518350837,1.329946069,1.231683225,1.117766108
E06000010,308253,Urban,Mid,College,0.0590959409,0.08976391024,0.07764392236,0.08917091083,0.154966845,0.1973808026,0.1769348231,0.155042845,0.373632287,0.428580545,0.1227940669,0.07499310107,0.3443446016,0.2943858227,0.05926957572,0.302,1.471717834,1.335839945,1.121936875,0.868806485
E06000011,405403,Rural,Lower,High School,0.04142308285,0.07022114044,0.06544213088,0.05636311273,0.1039632079,0.1674383349,0.2242594485,0.2708895418,0.2937322849,0.5035795922,0.1225363445,0.08015177837,0.3449565694,0.2940256012,0.05901782939,0.302,0.9031114565,0.6926808083,0.632724696,0.6665566426
E07000090,145677,Rural,Mid,College,0.04777633443,0.07706453945,0.06919048433,0.06346344424,0.1126907888,0.1706891948,0.2089834629,0.250141751,0.302691937,0.4867940893,0.1267683906,0.08374558304,0.348,0.2960642467,0.07793575329,0.278,0.9243976871,0.7203276582,0.7591840668,0.6641407003
E07000091,195566,Rural,Mid,College,0.03752007504,0.06759613519,0.06504313009,0.05541811084,0.08969717939,0.156022312,0.2219384439,0.3067646135,0.2828995475,0.5157520362,0.1210316742,0.08031674208,0.3480078105,0.2780446113,0.09594133877,0.2780062394,1.299520362,0.9540452489,1.028988235,1.202914027
E07000092,118603,Urban,Mid,College,0.06029318088,0.08461425384,0.06640919923,0.07403122209,0.1620324861,0.2197626593,0.1803865412,0.1524704574,0.3397601713,0.4581199143,0.1271263383,0.07499357602,0.3477062099,0.2799473233,0.09434646681,0.278,3.7684197,3.324244111,3.374047109,2.854496788
E07000093,142403,Rural,Lower,High School,0.05115294885,0.08261791738,0.07004492996,0.05762494238,0.1173288827,0.194960805,0.2066347934,0.2196347804,0.305968287,0.4995918898,0.1184325448,0.0760072784,0.3477795685,0.3026885885,0.07153184299,0.278,1.434302054,1.10208994,1.187777489,1.227291396
E07000094,150484,Rural,Mid,College,0.04786490427,0.08065383869,0.07800584399,0.09487381025,0.1070917858,0.1846836306,0.1966116068,0.2102145796,0.3108208065,0.4914197089,0.1200262467,0.07773323789,0.3480004772,0.2942543546,0.079744691,0.2780004772,2.06453591,1.633089955,1.729565736,1.801383918
E07000095,112132,Urban,Mid,College,0.05866494134,0.0895989104,0.07756592243,0.071001929,0.1283618716,0.2101747898,0.1909228091,0.1737088263,0.3329655455,0.4603937654,0.1278383921,0.07880229696,0.342,0.3191177194,0.06088228056,0.278,3.758096801,3.326644791,3.389392945,2.932846596
E07000096,170230,Rural,Mid,College,0.05825805826,0.09104309104,0.07797607798,0.06187606188,0.1274991275,0.2148622149,0.1911661912,0.1773191773,0.3206997012,0.4671912351,0.1283690239,0.08374003984,0.342,0.3191937251,0.0608062749,0.278,2.433040339,2.113565737,2.163296813,1.915771912
E07000098,122162,Rural,Mid,College,0.05454994545,0.08908391092,0.07983692016,0.06736993263,0.1178538821,0.2124447876,0.1932898067,0.1855708144,0.3290932983,0.4651806833,0.1258344284,0.07989159001,0.342,0.3191297635,0.06087023653,0.278,3.582115637,3.128304862,3.21848883,2.90021025
E07000099,150303,Rural,Mid,College,0.053585,0.083863,0.074533,0.057645,0.126646,0.20658,0.197053,0.200095,0.3201514374,0.4776925051,0.1247073922,0.0774486653,0.342,0.3193313655,0.0606686345,0.278,2.181219199,1.864840862,1.849956366,1.676552875
E07000102,101359,Rural,Mid,College,0.04928704929,0.08763408763,0.08465908466,0.0673010673,0.1096801097,0.2145362145,0.2016972017,0.1852051852,0.3221949287,0.4789144216,0.124889065,0.07400158479,0.342,0.3191295563,0.06087044374,0.278,3.78391046,3.221509509,3.430812203,3.286723455
E07000103,126117,Urban,Mid,College,0.06535393465,0.09288890711,0.0778009222,0.06874093126,0.1594088406,0.2408677591,0.1657438343,0.1291948708,0.3551156187,0.4461947262,0.1244665314,0.07422312373,0.342,0.3191022312,0.06089776876,0.278,6.079947262,5.480807302,5.567281947,4.469237323
E06000049,465667,Rural,Lower,High School,0.04889009778,0.07860515721,0.06961313923,0.05735811472,0.1188872378,0.1889583779,0.2124004248,0.2252874506,0.3048182484,0.4882621778,0.1249995934,0.08191998048,0.3298113361,0.2701447508,0.07004391315,0.33,1.031146621,0.7902927543,0.8604789786,0.8274294543
E06000050,404286,Rural,Lower,High School,0.04687209374,0.07652515305,0.06916113832,0.07278314557,0.125478251,0.1861333723,0.2070294141,0.216017432,0.3105681096,0.4791287776,0.1288637807,0.08143933206,0.3299882022,0.2700081677,0.07000363009,0.33,1.379980942,1.14795898,1.164365187,1.027268355
E06000051,351445,Rural,Mid,Some College,0.04228895771,0.07026492974,0.06838193162,0.06136593863,0.1061598938,0.1637488363,0.2237047763,0.2640847359,0.2932121738,0.4983899708,0.1258613893,0.08253646614,0.3299897501,0.3002672869,0.08974296302,0.28,0.8658030434,0.6578774738,0.6610565324,0.6534818261
E06000052,633189,Rural,Lower,High School,0.04183595816,0.07204792795,0.06747793252,0.06929093071,0.1017848982,0.1701928298,0.2174547825,0.2599147401,0.2976892285,0.4782560044,0.1356673035,0.08838746361,0.368,0.2769945415,0.04800545852,0.307,0.6724140284,0.4725964338,0.424477802,0.4558205968
E06000053,2783,Rural,Lower,High School,0.03338906678,0.06508913018,0.0363500727,0.1048182096,0.1153842308,0.1893493787,0.2037184074,0.2519015038,0.29125,0.4639583333,0.1459375,0.09885416667,0.3667708333,0.2777604167,0.04846875,0.307,0.5708333333,0.3746875,0.3346875,0.4191666667
E06000054,560063,Rural,Lower,High School,0.04648639963,0.0790018902,0.07348271689,0.06401165996,0.115177677,0.1811568698,0.2112546261,0.2294281605,0.3000358212,0.4952915615,0.1246074344,0.08006518292,0.3680038757,0.2770024077,0.04798790299,0.3070058136,0.8624064831,0.6340771625,0.6365441306,0.6716354454
E06000055,201601,Rural,Mid,Some College,0.05813570932,0.09070254649,0.07930760346,0.0694806526,0.1322733386,0.2125539372,0.1862990685,0.1712471438,0.334312461,0.4618909923,0.1259808612,0.07781568546,0.342,0.3190977741,0.06090222592,0.278,3.871162887,3.412521323,3.45618057,2.888479301
E06000056,331030,Rural,Lower,High School,0.0614005702,0.08809138336,0.07234749357,0.06155356913,0.1317370778,0.2100945293,0.1928816498,0.1818937267,0.3114917695,0.4890946502,0.1242078189,0.07520576132,0.342,0.3193833039,0.06061669606,0.278,2.535258671,2.170457084,2.221926808,2.039851558
E06000057,371703,Rural,Mid,Some College,0.0414970415,0.07115307115,0.06553806554,0.06039406039,0.1037631038,0.1684091684,0.2231222231,0.2661232661,0.2919978649,0.5013192009,0.1222449291,0.08443800519,0.3542479793,0.261531188,0.0592208327,0.325,0.9448322404,0.7056290987,0.6858311728,0.7733361293
E06000058,439498,Rural,Lower,High School,0.04366604367,0.07275807276,0.0664990665,0.09593709594,0.12002612,0.1945831946,0.1892741893,0.2172562173,0.3314129059,0.466480388,0.1244422185,0.07766448756,0.368,0.2769605652,0.04803943484,0.307,2.719412695,2.342152046,2.381736609,2.028929776
E06000059,424072,Rural,Lower,High School,0.03752803753,0.06621206621,0.06846206846,0.05597005597,0.09184809185,0.1543461543,0.2203452203,0.3052883053,0.3006414523,0.4829334342,0.1314024206,0.08502269289,0.3679910741,0.2770038578,0.04800506808,0.307,1.516022693,1.084018154,1.211548411,1.217715582
E07000079,106057,Rural,Lower,High School,0.04252687242,0.07018278945,0.06712879861,0.05841182476,0.08817273548,0.1697884906,0.2291463126,0.2746421761,0.2861781377,0.5084480432,0.1243103914,0.0810634278,0.368,0.2769789474,0.04802105263,0.307,0.8841592443,0.6418758435,0.6924696356,0.7444750337
E07000080,98647,Rural,Lower,High School,0.04529095471,0.07115092885,0.06768593231,0.06575993424,0.1047428953,0.1637158363,0.2257407743,0.2559127441,0.295218571,0.4990503467,0.1245613506,0.08116973169,0.368,0.2769903527,0.04800964727,0.307,0.8079047332,0.5997799216,0.5816852578,0.6222037986
E07000081,155113,Suburban,Mid,College,0.05359305359,0.08634408634,0.07573007573,0.08648708649,0.1415681416,0.2017122017,0.1857961858,0.1687691688,0.3325410628,0.4649146538,0.1248244767,0.07771980676,0.3627555556,0.2779407407,0.0523037037,0.307,2.765806763,2.450351047,2.50247343,2.060975845
E07000082,130872,Rural,Mid,Some College,0.044757,0.076345,0.073313,0.057408,0.104662,0.182846,0.222,0.238669,0.2987204583,0.492625925,0.1269491525,0.08170446407,0.367971831,0.2769930771,0.04803509191,0.307,1.193346861,0.9152900454,0.9984435426,1.000279303
E07000083,108765,Rural,Lower,High School,0.05292794707,0.08686691313,0.07106592893,0.05626394374,0.1221288779,0.1927138073,0.1984928015,0.2195397805,0.304330167,0.4919095971,0.1267278087,0.07703242712,0.367768097,0.2771198821,0.04811202096,0.307,1.839066492,1.50869964,1.629459548,1.519741238
E07000084,208722,Rural,Mid,College,0.055129,0.085499,0.071421,0.061607,0.13745,0.211278,0.198287,0.179329,0.3211334913,0.4762263033,0.1219154818,0.08072472354,0.348,0.2873224724,0.08667752765,0.278,2.456198657,2.115548973,2.206095972,1.925487757
E07000085,140651,Rural,Lower,High School,0.04520813562,0.07738423215,0.07448422345,0.05681817045,0.1015263046,0.1814825444,0.2192586578,0.2438377315,0.2869252535,0.5134048573,0.1202923839,0.07937750531,0.348,0.3011226126,0.07287738741,0.278,1.53409809,1.159195944,1.293699599,1.423640651
E07000086,151968,Rural,Mid,Some College,0.05136605137,0.08616708617,0.07518907519,0.0625950626,0.1269401269,0.2042222042,0.1933911934,0.2001292001,0.3164337489,0.482290519,0.1261264135,0.07514931864,0.3478295158,0.3022684836,0.07190200058,0.278,2.866964337,2.401699043,2.591670049,2.399559293
E07000087,131009,Rural,Mid,Some College,0.04094391811,0.07444385111,0.06693386613,0.06324387351,0.1023147954,0.1784216432,0.2149655701,0.2587324825,0.31963548,0.4833566221,0.1217739976,0.07523390036,0.348,0.299700486,0.07429951397,0.278,2.074878493,1.689987849,1.870811057,1.779823815
E07000088,95746,Suburban,Lower,High School,0.04810685568,0.07738576784,0.07313078061,0.07157378528,0.1192576422,0.1782054654,0.2080663758,0.2242733272,0.3273827699,0.4640294438,0.1275245365,0.08106324973,0.3478396947,0.2905348964,0.08362540894,0.278,2.279193021,1.926101418,2.001902944,1.762846238
E07000089,111512,Rural,Mid,College,0.047925,0.085284,0.077384,0.064897,0.111339,0.19959,0.207488,0.206093,0.2980168919,0.5054324324,0.1214391892,0.07511148649,0.348,0.3042993243,0.06970067568,0.278,2.991685811,2.390945946,2.684050676,2.755898649
E06000037,181441,Rural,Lower,High School,0.04884604885,0.0827010827,0.08342908343,0.06151506152,0.1124021124,0.1959041959,0.2119412119,0.2032612033,0.3042740741,0.4987351852,0.1195592593,0.07743148148,0.348,0.2997951852,0.07420481481,0.278,1.944848148,1.53787037,1.710153704,1.770918519
E06000038,197794,Urban,Mid,College,0.05807388385,0.08478083044,0.07016585967,0.1156717687,0.1702406595,0.2253885492,0.1541596917,0.121518757,0.3665188704,0.4349538137,0.1212694642,0.07725785168,0.3476389549,0.2741124307,0.1002037477,0.2780448667,7.256582212,6.404645025,6.839192399,5.662446556
E06000039,179249,Urban,Lower,College,0.07309478072,0.1107556677,0.09510571468,0.08357374928,0.1444915665,0.2440322679,0.1512635462,0.09768270695,0.3527851182,0.4675834492,0.1210570236,0.0585744089,0.3445924896,0.3011244784,0.07628303199,0.278,5.081196106,4.781672462,4.481773296,3.630198192
E06000040,168085,Rural,Mid,College,0.048999049,0.08274508275,0.08682408682,0.06351306351,0.1148921149,0.2098232098,0.2046522047,0.1885511886,0.3105728821,0.4955408096,0.1205728821,0.07331342623,0.348,0.2911966379,0.08280336209,0.278,5.40642557,4.588597655,4.953901792,4.952740544
E06000041,195375,Rural,Lower,Some College,0.05115510231,0.09723819448,0.0888521777,0.06417812836,0.1078292157,0.2245934492,0.1924403849,0.1737133474,0.3179010964,0.4858290445,0.1199552473,0.07631461177,0.3479892593,0.2978818528,0.07613962855,0.2779892593,3.91955471,3.243260237,3.545092862,3.530167823
E06000042,344991,Rural,Lower,Some College,0.059379,0.098364,0.08604,0.067657,0.139626,0.232975,0.173734,0.142225,0.3343984145,0.4655939138,0.1325840685,0.06742360312,0.3476465925,0.296107531,0.07849571666,0.2777501598,5.872121212,5.261876998,5.460581767,4.587809743
E06000043,324266,Urban,Mid,Graduate,0.039275,0.062283,0.062645,0.142217,0.153336,0.201411,0.196082,0.142751,0.4093757362,0.3984530821,0.1264507263,0.06572045544,0.3479336474,0.2347084806,0.139336278,0.278021594,7.297273263,6.175404397,6.482143698,5.401366313
E06000044,251904,Urban,Mid,College,0.0525988948,0.08009483981,0.0681998636,0.1247427505,0.1533116934,0.2016685967,0.1702596595,0.1491237018,0.3707850679,0.4318936652,0.1292239819,0.06809728507,0.3478891403,0.2636404977,0.110470362,0.278,5.763470588,5.189773756,4.975452489,3.898567873
E06000045,272467,Urban,Mid,College,0.05236210472,0.077499155,0.066501133,0.1528083056,0.1621523243,0.1987033974,0.1529203058,0.1370532741,0.4078050877,0.4038759024,0.1246613957,0.0636576143,0.348,0.274695428,0.09930457202,0.278,6.785826745,6.002671021,5.88711241,4.67124957
E06000046,154766,Rural,Mid,College,0.0371520743,0.06583513167,0.0618511237,0.05523711047,0.0976481953,0.1571363143,0.2234104468,0.3017296035,0.2870378315,0.4942414197,0.1312812012,0.08743954758,0.348,0.2801987129,0.09380128705,0.278,0.7345358814,0.516850624,0.4981045242,0.5552028081
E06000047,587998,Rural,Mid,Some College,0.04495369824,0.07364852588,0.06807132579,0.09741701347,0.1134072827,0.1740090286,0.20965348,0.2188396453,0.3169053897,0.471552517,0.1271206083,0.08442148507,0.3286218652,0.278589797,0.06778833773,0.325,1.501301735,1.233204366,1.135858115,1.133301858
E06000023,520022,Urban,Mid,College,0.05015810032,0.07368014736,0.06367412735,0.1496402993,0.1905563811,0.202991406,0.1433182866,0.125981252,0.4117571939,0.4004018389,0.1245155798,0.06332538737,0.367608207,0.277062915,0.04832887792,0.307,6.467464669,5.682863954,5.778016346,4.74155968
E06000024,233935,Rural,Lower,High School,0.04689304689,0.07884507885,0.07178807179,0.06177806178,0.1075301075,0.1893471893,0.2035902036,0.2402282402,0.2951797206,0.5016167007,0.1228849474,0.0803186313,0.368,0.277,0.048,0.307,1.512972846,1.165299011,1.309530686,1.275250353
E06000025,320677,Rural,Lower,High School,0.052168,0.083057,0.06976,0.087667,0.138911,0.196895,0.185136,0.186406,0.3163868916,0.4775981748,0.124536781,0.08147815265,0.368,0.2769986173,0.04800138274,0.307,1.9041026,1.630435564,1.670501936,1.466729812
E06000026,303423,Urban,Mid,College,0.0464751859,0.076250305,0.06882027528,0.1118254473,0.1369845479,0.1878687515,0.1830757323,0.1886997548,0.3546377502,0.44319034,0.1264108675,0.07576104226,0.367981252,0.2769998411,0.0480189069,0.307,1.989312043,1.742697807,1.598171274,1.313450906
E06000027,150548,Rural,Mid,Some College,0.03845911538,0.07151621455,0.06708920127,0.05819817459,0.1064673194,0.1658014974,0.2196156588,0.2728528186,0.3133899204,0.4601644562,0.1367533156,0.08969230769,0.368,0.276998939,0.04800106101,0.307,1.1283687,0.895596817,0.9263448276,0.8217135279
E06000030,274596,Rural,Lower,Some College,0.05511794488,0.08998791001,0.07731792268,0.06728093272,0.1369058631,0.2154457846,0.1948748051,0.1630688369,0.3260846068,0.4716492732,0.1245452851,0.07772083489,0.3677368617,0.2767773015,0.0484847186,0.3070011182,1.523005963,1.334105479,1.339075662,1.120600075
E06000031,247763,Rural,Lower,High School,0.06491280526,0.1037046889,0.08901573295,0.0725347824,0.1405075785,0.2191143427,0.1663825009,0.1438275685,0.3368006358,0.4621957312,0.1246866485,0.07631698456,0.342,0.3196993642,0.06030063579,0.278,1.440331517,1.265701635,1.156092189,0.9832243415
E06000032,243732,Urban,Mid,College,0.074299,0.100678,0.085511,0.094959,0.167159,0.211486,0.152173,0.113735,0.3546355775,0.44643916,0.1213681285,0.07755713403,0.342,0.3190290303,0.06097096973,0.278,5.113437307,4.844725139,4.43446572,3.382032119
E06000033,203103,Urban,Mid,College,0.05298626493,0.08567242836,0.0751593758,0.06525532628,0.1288556443,0.2038580193,0.1949179746,0.1932949665,0.3482503439,0.4505144429,0.1246492435,0.07658596974,0.342,0.319327923,0.06067207703,0.278,3.587001376,3.179218707,3.222060523,2.676363136
E06000034,190746,Rural,Mid,Some College,0.06743973024,0.1021835913,0.08603165587,0.07531469874,0.1370864517,0.2228481086,0.1736383054,0.1354574582,0.3574008542,0.4363361806,0.127071385,0.07919158023,0.342,0.3191147041,0.06088529591,0.278,3.963557047,3.6430964,3.431976815,2.671629042
E06000035,316402,Rural,Lower,High School,0.06023193977,0.09474290526,0.08002691997,0.0741039259,0.1364198636,0.2075617924,0.1826608173,0.1642518357,0.3415086067,0.457499188,0.1267083469,0.0742838584,0.3473952582,0.2923569341,0.08224780773,0.278,2.393330627,2.126560572,2.084361806,1.75019974
E06000036,141592,Rural,Lower,Some College,0.05591516775,0.0852342557,0.08339825019,0.065333196,0.1355204066,0.2232766698,0.191680575,0.1596414789,0.3489741914,0.4530545573,0.1219960797,0.07597517151,0.3479843189,0.2821470108,0.09189415224,0.2779745181,4.110241751,3.526422738,3.722616792,3.054972231
E07000207,152865,Rural,Mid,College,0.05588794411,0.0951049049,0.08704591295,0.05339394661,0.09512090488,0.2221587778,0.2072987927,0.183988816,0.3129485505,0.4926012014,0.1199425437,0.07450770436,0.3479754505,0.3007866284,0.07326299295,0.2779749282,5.557500653,4.652444502,5.088239749,5.105479237
E07000208,89960,Rural,Mid,College,0.05225205225,0.09266609267,0.08453908454,0.06919306919,0.1056331056,0.2190712191,0.1955151955,0.1811301811,0.3335436383,0.4704626709,0.1194321767,0.0765615142,0.3479484753,0.2900820189,0.08396950578,0.278,5.144400631,4.444495268,4.736635121,4.292297581
E07000209,165485,Rural,Mid,College,0.04659186022,0.07669776991,0.06967579097,0.1292096124,0.1294266117,0.1913064261,0.1849704451,0.1721214836,0.3267692664,0.4786924323,0.1184795186,0.07605878269,0.3479888915,0.2912802592,0.08274890072,0.2779819486,5.154630872,4.285669984,4.678643832,4.73643601
E07000210,100541,Rural,Mid,College,0.04367113101,0.07564122692,0.0782662348,0.05648716946,0.09394828184,0.1825845478,0.2237766713,0.2456247369,0.3138015219,0.4854185162,0.1212396956,0.07954026633,0.3480006341,0.3018601776,0.07213855422,0.2780006341,2.453176918,1.992549144,2.214337349,2.087146481
E07000211,170819,Rural,Mid,College,0.05643594356,0.08905091095,0.07905392095,0.05952794047,0.1242988757,0.2204737795,0.1901548098,0.181003819,0.3214249169,0.4823919161,0.1193860322,0.07679713482,0.347676132,0.2952803786,0.07911665388,0.2779268355,3.389603479,2.883369148,3.111038629,2.82470197
E07000212,98780,Suburban,Mid,College,0.05246605247,0.07716307716,0.06885706886,0.1315381315,0.1139181139,0.1987121987,0.1857081857,0.1716371716,0.3274265619,0.477302441,0.1194455937,0.07582540339,0.3479900703,0.2885825403,0.08542656185,0.2780008275,4.643165081,3.93296235,4.253251965,4.115899876
E07000213,109469,Rural,Mid,College,0.05780140461,0.08616560316,0.07230450613,0.06601146208,0.126565886,0.2209325465,0.1910543374,0.1791642541,0.3159855189,0.4877152051,0.1211061947,0.07519308126,0.3479613837,0.2866709574,0.0874304103,0.2779372486,5.095752212,4.373286404,4.678692679,4.568431215
E07000214,103327,Rural,Mid,College,0.04951714855,0.08046324139,0.07782723348,0.06099018297,0.1166873501,0.2039736119,0.2069366208,0.2036046108,0.3005505762,0.5009475032,0.1198591549,0.07864276569,0.3477925736,0.2979765258,0.07624199744,0.2779889031,3.610119505,2.972543747,3.291442595,3.357174563
E07000215,95537,Rural,Lower,High School,0.053959,0.084451,0.078853,0.061533,0.102918,0.195626,0.208762,0.213898,0.3094378194,0.4913500852,0.1204855196,0.07872657581,0.348,0.3034045997,0.07059540034,0.278,2.397295571,1.92334753,2.15225724,2.117491482
E07000216,144506,Rural,Mid,College,0.048203,0.0845,0.088752,0.062382,0.093362,0.195153,0.206413,0.221235,0.3093580078,0.495716244,0.1188211103,0.07610463788,0.348,0.301539639,0.07246036098,0.278,4.356648389,3.52159013,3.970975554,4.278681745
E07000217,115760,Suburban,Mid,College,0.05606588787,0.08836182328,0.07777284445,0.06234087532,0.1318997362,0.2263455473,0.1863106274,0.1709026582,0.3233693972,0.4813021638,0.1189335394,0.07639489954,0.348,0.2952399536,0.07876004637,0.278,5.640421175,4.839737249,5.183180062,4.926209428
E07000218,76155,Rural,Lower,High School,0.05015205015,0.07716307716,0.06753906754,0.06374006374,0.1203871204,0.1782701783,0.2195402195,0.2232082232,0.3080309845,0.4858670665,0.1254922539,0.08060969515,0.32996002,0.2993503248,0.09068965517,0.28,0.9289705147,0.736151924,0.7368665667,0.6929735132
E06000012,184265,Rural,Mid,Some College,0.04992095008,0.08441491559,0.07529192471,0.06641893358,0.121047879,0.1788558211,0.2077417923,0.2163077837,0.3220139201,0.4578334082,0.1359452178,0.08420745397,0.345,0.294,0.059,0.302,0.9004872025,0.767999551,0.651441401,0.604104176
E06000013,188518,Rural,Lower,Some College,0.04893909788,0.07964515929,0.07379614759,0.06367512735,0.1124682249,0.1775523551,0.2147484295,0.2291754584,0.3247995889,0.4608324769,0.1304069887,0.08396094553,0.345,0.2939993834,0.05900061665,0.302,0.6649599178,0.5218520041,0.4424501542,0.4058931141
E06000014,234232,Rural,Mid,College,0.03935884256,0.06519373923,0.06151475394,0.1581503674,0.129745481,0.1768842925,0.176998292,0.1921542314,0.3701935127,0.4336638408,0.1217084408,0.07443420568,0.345,0.294,0.059,0.302,3.718547733,3.167353483,3.268619609,2.796251382
E06000015,290316,Urban,Mid,College,0.05736694263,0.09020590979,0.07899192101,0.09262590737,0.1463198537,0.1979438021,0.1741648258,0.1623808376,0.3480731795,0.4494935112,0.1266258111,0.0758074982,0.366,0.3179733237,0.05502667628,0.261,1.838368782,1.640820115,1.452824441,1.361687094
E06000016,403609,Urban,Mid,College,0.06018281945,0.09189472432,0.08163575509,0.1401925794,0.155996532,0.1990274029,0.151012547,0.1200576398,0.3875709831,0.4297685869,0.1180600689,0.06460036107,0.366,0.3179509273,0.05504907271,0.261,4.905174791,4.446262925,4.00336944,3.156331856
E06000017,44991,Rural,Lower,High School,0.03443193114,0.06642886714,0.09246381507,0.06601986796,0.1012947974,0.1652876694,0.2098785802,0.2641944716,0.3018131868,0.4793956044,0.1325510204,0.08624018838,0.3659910944,0.318004036,0.05501122029,0.2609936493,1.124748823,0.8386499215,0.8906122449,1.000282575
E06000018,380297,Urban,Mid,College,0.05395116185,0.08323724971,0.07035721107,0.2060376181,0.1422824268,0.1796365389,0.1462094386,0.1182883549,0.4050501032,0.4067359269,0.1244886531,0.06372531683,0.366,0.3178392278,0.05516077218,0.261,5.678743,5.204619805,4.619904215,3.542338638
E06000019,211084,Rural,Mid,Some College,0.04335513007,0.07132221397,0.06558619676,0.057666173,0.1051983156,0.1674825024,0.2197386592,0.269650809,0.3021042612,0.4820310441,0.1312271196,0.08463757505,0.33,0.2998125641,0.09018743593,0.28,0.7457358325,0.5509942891,0.5316708156,0.5605857373
E06000020,234805,Rural,Mid,Some College,0.05535594464,0.08981791018,0.08063691936,0.0776969223,0.1289498711,0.1934758065,0.1954828045,0.1785838214,0.3218997546,0.4653294777,0.1379022082,0.07486855941,0.33,0.2990290922,0.09097090782,0.28,1.215772871,1.051647389,0.9996898002,0.8736084823
E06000021,305659,Urban,Mid,College,0.06111775553,0.09121163515,0.07886168455,0.08760364959,0.1411154355,0.1934752261,0.1764002944,0.1702143191,0.3445997556,0.4510311641,0.1270959364,0.0772731439,0.3299404216,0.2985441491,0.09151542927,0.28,1.313750382,1.162418271,1.028863428,0.8130171097
E06000022,206788,Rural,Lower,Some College,0.04327716593,0.07158374286,0.0681238517,0.1540297566,0.112676581,0.1707362697,0.1841748871,0.1953977451,0.3577458396,0.448475374,0.1193225752,0.07445621113,0.368,0.2769226761,0.04807732392,0.307,3.243205581,2.689450328,2.736261557,2.437476887
E07000032,150993,Rural,Lower,High School,0.045796,0.074119,0.067743,0.060889,0.120888,0.177499,0.222912,0.230154,0.3028989452,0.4838618578,0.1295712827,0.08366791426,0.366,0.3179935352,0.05500646478,0.261,2.565328343,1.879084723,2.01104117,2.045838721
E07000033,92136,Rural,Lower,High School,0.05007705008,0.07572907573,0.06718106718,0.06451906452,0.1379451379,0.1816431816,0.2169322169,0.205973206,0.3088294314,0.4732345915,0.1336024845,0.08433349259,0.366,0.3188351648,0.05416483516,0.261,0.9115193502,0.7212374582,0.6891208791,0.6934352604
E07000034,125037,Rural,Mid,College,0.04614995385,0.07401592598,0.06833893166,0.06357593642,0.1286628713,0.1828668171,0.213029787,0.2233597766,0.3209571527,0.4612128542,0.1341810643,0.08364892882,0.366,0.3180342087,0.05496579129,0.261,1.296257775,1.091306151,1.035808569,0.8993434692
E07000035,84890,Rural,Lower,High School,0.034143239,0.06328344298,0.06569445986,0.05150736055,0.08551259859,0.1543380804,0.252433767,0.2930870516,0.2909364111,0.4934189895,0.129934669,0.08570993031,0.366,0.3179786585,0.05502134146,0.261,0.8352787456,0.5956358885,0.5951132404,0.6902047038
E07000036,126950,Rural,Lower,High School,0.044751,0.076033,0.069433,0.067798,0.130438,0.186901,0.212361,0.212285,0.3039212469,0.4825184578,0.1305209188,0.08303937654,0.366,0.3179971288,0.05500287121,0.261,1.223876128,0.9325840853,0.9552543068,0.9186177194
E07000037,105705,Rural,Lower,High School,0.04387882448,0.07221671113,0.07025971896,0.05739577042,0.1117995528,0.1788082848,0.2340600638,0.2315810737,0.3052432245,0.4800799166,0.1340722724,0.08060458652,0.3659960577,0.3180038714,0.05500288218,0.2609971887,2.039544823,1.676966644,1.733446838,1.815211953
E07000038,117444,Rural,Lower,High School,0.04691190618,0.07442485115,0.06574086852,0.05716988566,0.1183537633,0.1739116522,0.2156095688,0.2478775042,0.3017944061,0.4806138758,0.1328223756,0.08476934254,0.366,0.318028696,0.05497130403,0.261,0.8579295314,0.6569524155,0.6420813658,0.6605158009
E07000039,128996,Rural,Mid,College,0.05441310883,0.08180716361,0.07649015298,0.06213112426,0.1358552717,0.1937293875,0.207997416,0.1875763752,0.3003989362,0.4868541033,0.1296846505,0.08306231003,0.366,0.3179969605,0.05500303951,0.261,0.8509650456,0.6524202128,0.6304787234,0.6195516717
E07000040,155254,Rural,Mid,Some College,0.04123583506,0.07036771853,0.06356274575,0.05510677957,0.09895660417,0.1598803605,0.2091131635,0.3017767929,0.275470684,0.5225651466,0.1212915309,0.08067263844,0.368,0.2769977199,0.04800228013,0.307,0.8680586319,0.6285960912,0.6669560261,0.7381938111
E07000041,154763,Urban,Mid,College,0.04148112444,0.06529619589,0.05621416864,0.2015706047,0.1349074047,0.1787155361,0.1575674727,0.1642474927,0.3547010196,0.4440672362,0.1248608432,0.07637090107,0.3679349683,0.2769966933,0.04806833839,0.307,3.225078534,2.746583081,2.723138606,2.310242491
E07000042,88503,Rural,Lower,High School,0.04310904311,0.07680607681,0.07648807649,0.05961705962,0.100986101,0.1743081743,0.2198642199,0.2488212488,0.2930323875,0.5086758383,0.1212983663,0.07699340785,0.368,0.2769719117,0.04802808828,0.307,1.014800803,0.7615706506,0.7933218687,0.8559587274
E06000060,604754,Rural,Mid,College,0.0540792704,0.08984944925,0.08149140746,0.06265031325,0.1144515723,0.2072620363,0.1992359962,0.1909799549,0.3159386404,0.4883336426,0.1201268015,0.07560091545,0.3479104348,0.2956544814,0.07850497928,0.2779301045,2.515382569,2.164346508,2.290045154,2.106478629
E06000061,410592,Rural,Lower,High School,0.05457816373,0.08767426302,0.08005124015,0.06455819367,0.1278723836,0.2026866081,0.1984335953,0.1841455524,0.3318040272,0.4617806134,0.1275111215,0.07890423788,0.366,0.3179460314,0.05505396863,0.261,1.294097401,1.054242566,1.025689534,0.9433961601
E06000062,484286,Rural,Mid,Some College,0.05539205539,0.08696908697,0.07658407658,0.07521207521,0.1317571318,0.2063612064,0.1927031927,0.175021175,0.3327220864,0.462156683,0.1277373676,0.07738386308,0.366,0.3179618989,0.05503810106,0.261,1.663280359,1.416407905,1.381637123,1.205550122
E06000063,319921,Rural,Lower,High School,0.04508786474,0.07382677852,0.06821479536,0.06297781107,0.1172596482,0.1712944861,0.2212233363,0.2401152797,0.3182666922,0.4607977808,0.1337363689,0.08719915822,0.3206045533,0.2754562847,0.07393916204,0.33,1.1924163,0.9218815764,0.842083413,0.7186799311
E06000064,258731,Rural,Lower,High School,0.03898603899,0.06719306719,0.06391406391,0.06221606222,0.108021108,0.1651721652,0.2288642289,0.2656332656,0.3106846299,0.4685164605,0.1322163976,0.08858251206,0.3181778151,0.2769385615,0.0748836234,0.33,0.8985101698,0.7228957853,0.685328161,0.614578528
E06000065,695619,Rural,Lower,High School,0.04261187216,0.07091178726,0.0686347941,0.06023881928,0.1043626869,0.1671494986,0.2260383219,0.2600522198,0.3010689771,0.4875242759,0.1269952285,0.0844115185,0.3371641135,0.298625858,0.06221002846,0.302,4.199538339,2.731594676,2.932272727,2.798065461
E06000066,623603,Rural,Lower,High School,0.04533304533,0.07463907464,0.07213907214,0.06104306104,0.1096651097,0.1702211702,0.2127122127,0.2542472542,0.3019810441,0.4882188283,0.1263178314,0.08348229632,0.3636596769,0.279657025,0.04968329814,0.307,1.894162943,1.270242106,1.325908265,1.190501891
E07000008,175363,Urban,Mid,Graduate,0.042209,0.0653,0.060836,0.192801,0.196671,0.187469,0.138445,0.116269,0.4619966216,0.3634831081,0.1223040541,0.05221621622,0.342,0.319775,0.060225,0.278,7.947652027,6.720331081,7.103047297,5.991570946
E07000009,101833,Rural,Mid,College,0.05127789744,0.0808988382,0.07582884834,0.05823088354,0.1151257697,0.2021815956,0.2055645889,0.2108915782,0.3159907621,0.4816951501,0.1231454965,0.07916859122,0.342,0.3197228637,0.06027713626,0.278,1.834854503,1.438281755,1.579699769,1.563561201
E07000010,116446,Rural,Lower,High School,0.05132615398,0.07852423557,0.06767720303,0.06094618284,0.1207103621,0.1783955352,0.2087786263,0.2336417009,0.3052900232,0.496516407,0.1228173682,0.07537620152,0.342,0.3193652635,0.06063473649,0.278,1.000016573,0.7701093802,0.7816208154,0.7727875373
E07000011,215258,Rural,Mid,College,0.051847,0.082825,0.069998,0.059994,0.126261,0.200997,0.203138,0.20494,0.3158184951,0.4871472334,0.1220677771,0.07496649435,0.342,0.319388857,0.06061114302,0.278,1.702898717,1.377689068,1.464855447,1.397329121
E07000012,188733,Rural,Mid,College,0.052572,0.091196,0.080651,0.057069,0.108519,0.216489,0.1953,0.198204,0.3029624242,0.5029575758,0.1217527273,0.07232727273,0.342,0.3193207273,0.06067927273,0.278,2.563566061,2.030630303,2.315042424,2.364397576
E07000128,129755,Rural,Mid,Some College,0.04007820039,0.06828234141,0.06695133476,0.06151830759,0.09941049705,0.1567567838,0.2232721164,0.2837304187,0.3098945736,0.4777643411,0.1282542636,0.08408682171,0.33,0.27,0.07,0.33,0.9813891473,0.7721705426,0.8325147287,0.7347875969
E07000129,124489,Rural,Mid,College,0.05090384729,0.08297475108,0.07217778347,0.06291281126,0.1267406198,0.2011013967,0.1973934078,0.2057953826,0.2917552061,0.5059456014,0.122158946,0.08014024649,0.366,0.3179978751,0.05500212495,0.261,2.233620909,1.848147046,1.945890353,1.906965576
E07000130,208822,Rural,Mid,Some College,0.04613495387,0.07593492407,0.06785093215,0.130997869,0.1162128838,0.182996817,0.1856788143,0.1941928058,0.3278974625,0.4706680476,0.1238477473,0.07758674262,0.366,0.3179647851,0.05503521491,0.261,2.129590886,1.795750906,1.767677369,1.634738477
E07000131,111625,Rural,Mid,College,0.04773004773,0.07849007849,0.07291307291,0.05970605971,0.1111421111,0.1873231873,0.2161332161,0.2265622266,0.2888788222,0.5063759909,0.1241374103,0.08060777652,0.366,0.31798641,0.05501359003,0.261,1.006670442,0.7664967912,0.8005096263,0.8890864477
E07000132,128487,Rural,Mid,College,0.0474011896,0.07772331089,0.06942027768,0.05910923644,0.1202754811,0.1879817519,0.2099368397,0.2281519126,0.292250095,0.5053097681,0.1238464462,0.07859369061,0.366,0.3180482706,0.05495172938,0.261,1.232170277,0.9949068795,0.9962219688,0.9880995819
E07000133,61899,Rural,Mid,College,0.04445726674,0.07525845155,0.07261543569,0.05892435355,0.1048436291,0.1715940296,0.230836385,0.2414704488,0.2859212198,0.5119631512,0.122249047,0.07986658196,0.366,0.3178958069,0.05510419314,0.261,0.932407878,0.6987992376,0.6959847522,0.7916709022
E07000134,128515,Rural,Lower,High School,0.05062489875,0.07860984278,0.06933286133,0.06993086014,0.1296747407,0.1897656205,0.2109295781,0.2011315977,0.2958130841,0.5008523364,0.1246280374,0.07870654206,0.366,0.3180557009,0.05494429907,0.261,1.311203738,1.042960748,1.087394393,1.104500935
E07000135,67493,Urban,Mid,College,0.05057225286,0.08794743974,0.07558137791,0.09284346422,0.1166705834,0.1898209491,0.1822369112,0.2043270216,0.3207833333,0.48395,0.1251833333,0.07008333333,0.366,0.31789,0.05511,0.261,3.662766667,3.08135,3.258866667,3.199858333
E07000136,75649,Rural,Lower,High School,0.05382605383,0.08622808623,0.07877107877,0.06288606289,0.1158131158,0.1887301887,0.2017722018,0.211973212,0.301448999,0.4949428027,0.1238703527,0.07973784557,0.3660085796,0.3181868446,0.0548079123,0.2609966635,1.212235462,0.9834366063,0.9171496663,0.9116587226
E07000137,155139,Rural,Mid,Some College,0.03620903621,0.0625970626,0.06124006124,0.05568205568,0.09253809254,0.1382321382,0.2384782385,0.315023315,0.2860299413,0.5120276672,0.1215766534,0.08036573811,0.366003032,0.3179082812,0.05508944476,0.260999242,0.9776823953,0.7127117681,0.6788876255,0.7928557893
E07000138,113417,Suburban,Mid,College,0.04757695242,0.07285492715,0.06107693892,0.1723458277,0.1505788494,0.1853808146,0.1591598408,0.151025849,0.3507597454,0.4525218775,0.1223906126,0.07432776452,0.366,0.318066428,0.054933572,0.261,2.69823389,2.287143994,2.133552108,1.781682578
E08000026,391158,Urban,Mid,College,0.06042506043,0.08964908965,0.07636307636,0.1273571274,0.1571641572,0.1939371939,0.1560891561,0.139015139,0.3774596205,0.4300909519,0.1230610005,0.06938842716,0.3240489258,0.2989854163,0.09696565783,0.28,4.000589619,3.620831112,3.386766505,2.749256704
E08000027,369323,Urban,Mid,Some College,0.05500587198,0.08554404183,0.07372350048,0.07262085907,0.130841709,0.1852886047,0.1949002886,0.2020751243,0.3476613014,0.4509973862,0.1224405008,0.07890081167,0.3273889118,0.2976984455,0.09491264273,0.28,1.479910579,1.297775485,1.261705874,1.046350255
E08000028,371046,Urban,Lower,High School,0.06521173915,0.09883560466,0.08631465474,0.08711665153,0.1398894404,0.2030511878,0.1747743009,0.1448064208,0.3725271228,0.4228092001,0.1272182844,0.07744539274,0.3212816433,0.303269203,0.09544915377,0.28,1.616098655,1.483959207,1.308894836,1.031751772
E08000029,242913,Rural,Mid,Some College,0.05072689855,0.09075981848,0.08102483795,0.06620386759,0.1132607735,0.1876586247,0.1978156044,0.2125495749,0.3283475117,0.4690365802,0.1253487877,0.07726712037,0.3298894088,0.2998000851,0.09031050617,0.28,1.817401106,1.536958741,1.591314334,1.453683539
E08000030,318730,Suburban,Mid,Some College,0.0628959371,0.09651690348,0.08341391659,0.08027991972,0.1325098675,0.1935608064,0.1797298203,0.1710928289,0.3688199426,0.4314903156,0.1241840029,0.07550573888,0.3236119082,0.3013970588,0.094991033,0.28,1.596859756,1.458240674,1.337223816,1.082229197
E08000031,311827,Urban,Mid,College,0.06452267739,0.09539652302,0.0832995835,0.0812795936,0.1403322983,0.199605002,0.1751821241,0.1603821981,0.3797320341,0.4275291456,0.1210631634,0.07167565686,0.3219732034,0.3024882547,0.09553854185,0.28,2.21771881,1.992897164,1.855832608,1.524485819
E08000032,619780,Rural,Lower,High School,0.06425812852,0.09918919838,0.08936117872,0.08666417333,0.1325812652,0.2008384017,0.1718653437,0.1552423105,0.3577738135,0.4426799058,0.1229087849,0.07663749579,0.3312709525,0.3013093908,0.06541965668,0.302,1.267754291,1.148253113,0.9578774823,0.7667169303
E08000033,235178,Rural,Lower,High School,0.05148174259,0.08471557642,0.0777606112,0.0699806501,0.1220643897,0.1891050545,0.2091369543,0.1957550212,0.3771559382,0.4302706027,0.1244594779,0.06811398114,0.3444936449,0.2942723794,0.05923397567,0.302,2.994691814,2.665362854,2.567693044,2.114413011
E08000034,489919,Rural,Lower,High School,0.05545683363,0.08797473608,0.07946276161,0.08282075154,0.1284006148,0.1937004189,0.1913734259,0.1808104576,0.353377685,0.4471232281,0.1210018262,0.07849726063,0.3414723019,0.2957836334,0.0607440647,0.302,1.379376468,1.20651448,1.093297678,0.9493842943
E08000035,931640,Rural,Lower,Some College,0.05327089346,0.08404683191,0.0712018576,0.1249047502,0.1505276989,0.1937456125,0.1663076674,0.155994688,0.3772083835,0.4282712599,0.1214902433,0.07303011323,0.340189352,0.2968339195,0.0609767285,0.302,2.875810648,2.563331245,2.454877379,2.008173934
E08000036,396892,Rural,Lower,High School,0.05452483643,0.08396174811,0.07225078325,0.06548280355,0.1375215874,0.1941774175,0.2010893967,0.190991427,0.3330193562,0.4540130421,0.1300538247,0.08291377704,0.3277745575,0.3032236828,0.06700175965,0.302,1.265704378,1.111408757,1.027025153,0.847780768
E07000245,210054,Rural,Lower,High School,0.054726,0.080982,0.067417,0.070524,0.140467,0.184763,0.191352,0.209769,0.3149067512,0.4750671391,0.1266430436,0.08338306602,0.342,0.3193297277,0.06067027229,0.278,0.9848825065,0.7909492727,0.7088269302,0.7117456173
E08000001,328070,Suburban,Lower,High School,0.0625990626,0.09607709608,0.08512408512,0.08026208026,0.1315591316,0.1942881943,0.1812461812,0.1688441688,0.3464779271,0.4497175761,0.1239306279,0.07987386893,0.3159706608,0.2787482863,0.07528105292,0.33,0.9477145599,0.840132986,0.703236907,0.5911996161
E08000002,214248,Suburban,Lower,High School,0.055972,0.088417,0.080664,0.072637,0.129439,0.198144,0.191238,0.183489,0.3478833434,0.4485327721,0.126438164,0.07714572059,0.3249969934,0.2731188615,0.07188414512,0.33,1.108651032,0.9771797956,0.9038905592,0.7235718581
E08000003,638172,Urban,Mid,College,0.0584999415,0.08801991198,0.07704692295,0.1685108315,0.1851898148,0.1935908064,0.1357088643,0.09343290657,0.4647264939,0.3443192192,0.1400976055,0.05085668141,0.3240685345,0.2729021838,0.07302928165,0.33,6.991186012,6.485379538,6.118795731,4.1181469
E08000004,265476,Urban,Lower,High School,0.065674,0.100355,0.088659,0.08534,0.133248,0.193824,0.175635,0.157265,0.3727371458,0.4287442729,0.1226692686,0.07584931274,0.3172458849,0.2772984897,0.07545562532,0.33,1.244917699,1.138744273,1.012725267,0.786390633
E08000005,249317,Urban,Lower,High School,0.06370219111,0.09726129178,0.08562525688,0.07791923376,0.1334734004,0.1983655951,0.1799165397,0.1637364912,0.3659622053,0.4356518724,0.1221705964,0.07621532594,0.3204316921,0.2757524272,0.07381588072,0.33,1.693013176,1.524060333,1.424904646,1.155821775
E08000006,295041,Urban,Lower,Some College,0.06149393851,0.08527291473,0.06937693062,0.1161378839,0.2014597985,0.1957248043,0.145021855,0.1255118745,0.4001263158,0.4049428571,0.1248526316,0.07007819549,0.320124812,0.2757052632,0.07416992481,0.33,3.867210526,3.48518797,3.38718797,2.530658647
E08000007,338607,Rural,Lower,High School,0.053414,0.086291,0.073865,0.060479,0.126047,0.205966,0.192461,0.201477,0.3408961572,0.4530302141,0.1272455265,0.07882810208,0.3252258727,0.2729832796,0.07179084776,0.33,1.194161044,1.019235846,1.021449105,0.8362085656
E08000008,258367,Urban,Lower,High School,0.05545805546,0.08695508696,0.07833707834,0.07169407169,0.1385441385,0.1982691983,0.1947781948,0.175964176,0.3473937583,0.4461188579,0.1282602922,0.07822709163,0.3205328685,0.275810093,0.07365703851,0.33,0.7656308101,0.6845484728,0.5592579681,0.4342646082
E08000009,270311,Rural,Lower,Some College,0.051563,0.097998,0.085838,0.066488,0.116503,0.21665,0.188569,0.176391,0.3453240741,0.4527361111,0.1241898148,0.07775,0.3287777778,0.2707638889,0.07045833333,0.33,2.611290123,2.303518519,2.386395062,2.045958333
E08000010,373758,Urban,Lower,High School,0.05313178747,0.08232967068,0.07240471038,0.0691747233,0.134491462,0.194250223,0.2014591942,0.192758229,0.3611922691,0.4356739458,0.128623243,0.07451054217,0.3291164659,0.2705271084,0.0703564257,0.33,1.489142821,1.290514558,1.266209839,1.030528363
E08000011,177703,Suburban,Mid,Some College,0.06161187678,0.0884498231,0.07162685675,0.0721498557,0.1455917088,0.1902626195,0.1970816058,0.1732256535,0.3723957503,0.4281965471,0.124435591,0.07497211155,0.3182788845,0.2769322709,0.07478884462,0.33,1.041721116,0.9867171315,0.8472988048,0.5972669323
E07000219,161453,Suburban,Mid,College,0.05802871503,0.08749798022,0.07414874552,0.06727893966,0.1369323896,0.1951558859,0.1913476793,0.1896096648,0.3263269088,0.4700481838,0.1280355819,0.07558932543,0.3299518162,0.2996738325,0.09037435137,0.28,1.416493699,1.212053373,1.194788732,1.022876205
E07000220,133597,Rural,Mid,College,0.05377678489,0.09040863837,0.08141067436,0.06215975136,0.1307004772,0.2142871429,0.1895272419,0.1777292891,0.3173376846,0.4741085538,0.1319958777,0.07655788389,0.33,0.3000099622,0.08999003779,0.28,1.645870835,1.421642047,1.407368602,1.202682927
E07000221,154298,Rural,Mid,Some College,0.04557609115,0.07378814758,0.06603413207,0.05388410777,0.1090342181,0.1792653585,0.2187764376,0.2536415073,0.29784,0.4902584615,0.1290153846,0.08288615385,0.33,0.2999569231,0.09004307692,0.28,0.9266892308,0.7070358974,0.7519917949,0.7629128205
E07000222,174721,Rural,Mid,College,0.04984090032,0.07925684149,0.06775886448,0.1011887976,0.1281497437,0.1999626001,0.1837766324,0.1900656199,0.3363354492,0.466081543,0.1238476562,0.07373535156,0.33,0.2988891602,0.09111083984,0.28,2.586315918,2.205788574,2.246052246,1.999938965
E07000223,87090,Urban,Mid,College,0.04385904386,0.08141708142,0.07677707678,0.05779105779,0.09838309838,0.1931001931,0.2083252083,0.2403472403,0.3177531132,0.4767569031,0.1241256091,0.08136437466,0.3454001083,0.289029778,0.0875701137,0.278,3.253199783,2.512961559,2.707455333,2.349095831
E07000224,177699,Rural,Mid,College,0.0411498354,0.06861672553,0.06165375338,0.06057775769,0.1045195819,0.1648843405,0.2081921672,0.2904058384,0.3046604938,0.4930690586,0.1224382716,0.07983217593,0.3479810957,0.2962604167,0.07775848765,0.278,1.952235725,1.561998457,1.730169753,1.611336806
E07000225,139143,Rural,Mid,College,0.0425029575,0.06982593017,0.06383893616,0.07641792358,0.1000828999,0.1618738381,0.2083617916,0.2770957229,0.3039834276,0.4932012935,0.1236459175,0.07916936136,0.3479389652,0.3000432498,0.07401778496,0.278,1.676052951,1.301275263,1.432239289,1.465998383
E07000226,134284,Suburban,Mid,College,0.06291587417,0.09440581119,0.08041383917,0.07240685519,0.1508286983,0.2312845374,0.1727776544,0.1349667301,0.3475682753,0.4535540591,0.1216236438,0.0772540217,0.3478533483,0.270909465,0.1032371867,0.278,4.254986906,3.869973812,3.794399551,2.95761691
E07000227,160437,Rural,Mid,College,0.04781419126,0.07918431674,0.07695230781,0.05464021856,0.1062754251,0.1869047476,0.2124788499,0.235749943,0.3070759404,0.4934137686,0.1207523066,0.07875798439,0.348,0.295362432,0.07863756802,0.278,1.622947717,1.303058907,1.419193281,1.34670925
E07000228,180326,Rural,Lower,High School,0.05370578518,0.08688465246,0.07838968644,0.05598677605,0.1112055552,0.2061191755,0.1998882004,0.2078201687,0.3032758621,0.496117416,0.1222195548,0.07838716718,0.347978612,0.2997068966,0.07431449149,0.278,2.410065474,1.963631602,2.174674814,2.06906591
E07000229,128606,Urban,Lower,High School,0.04362126173,0.07448244689,0.06773740642,0.06103636622,0.1183667102,0.1979351876,0.2074902449,0.229330376,0.3218794556,0.4734607907,0.1261957226,0.07846403111,0.3479526896,0.2947372003,0.07931918341,0.2779909268,3.352148412,2.874692158,3.103781594,2.69455606
E08000012,582237,Urban,Lower,Some College,0.05191205191,0.07772107772,0.06252706253,0.1521341521,0.1545771546,0.1822871823,0.1655241655,0.1533171533,0.4288537549,0.3769885187,0.1292668925,0.0648908338,0.3263796349,0.2714285714,0.07219179371,0.33,2.781330698,2.542583286,2.336615848,1.650039526
E08000013,207713,Rural,Lower,High School,0.05066210132,0.07800815602,0.07045914092,0.07008314017,0.1328122656,0.1880603761,0.2043614087,0.2055534111,0.3527925697,0.4445634675,0.1238101135,0.07883384933,0.3237647059,0.2738823529,0.07235294118,0.33,0.9313890609,0.7863446852,0.75374613,0.5945263158
E08000014,320612,Rural,Lower,Some College,0.04711409423,0.0765521531,0.06761013522,0.06433612867,0.116009232,0.1801183602,0.2112094224,0.2370504741,0.3400641312,0.4443564504,0.133310962,0.08226845638,0.3291648024,0.2704519016,0.07038329605,0.33,1.142578673,0.9530275913,0.9640029828,0.7790753169
E08000015,359410,Urban,Mid,College,0.04809273058,0.07986991472,0.0734026696,0.06663012844,0.1192991814,0.1811652716,0.2061845608,0.2253555428,0.3489173364,0.4386877153,0.1313501722,0.08104477612,0.3290528129,0.2705579793,0.07038920781,0.33,1.804140069,1.559022962,1.616898967,1.348988519
E08000017,353624,Rural,Lower,High School,0.05602294398,0.08341991658,0.07406092594,0.06658693341,0.1334548665,0.1918038082,0.1985988014,0.1960518039,0.3491165157,0.4507345825,0.1235550316,0.07659387021,0.3261800472,0.3049529718,0.06686698102,0.302,1.283320511,1.124436034,1.036654672,0.8281424494
E08000018,304786,Rural,Lower,High School,0.05488083536,0.08470274589,0.07560877317,0.07147278558,0.1311766065,0.1870694388,0.1985654043,0.1965234104,0.3554264862,0.4453839136,0.122496579,0.07669302113,0.3373863464,0.2982621256,0.06235152805,0.302,1.175537479,1.021677056,0.9494100654,0.7555876539
E08000021,351595,Suburban,Mid,College,0.05030489939,0.07669684661,0.06390687219,0.1777506445,0.1519166962,0.1785706429,0.152993694,0.1478597043,0.3835235548,0.4183771734,0.1248788824,0.07322038936,0.3095309853,0.2784413732,0.08702764155,0.325,5.617770843,4.906176252,4.737192748,3.931622827
E08000022,239655,Urban,Mid,Some College,0.04699876501,0.07988860056,0.06966165169,0.06427667862,0.1243713781,0.2022639887,0.2008319958,0.2117069415,0.3248457888,0.4645630684,0.1289620403,0.08162910241,0.3365116647,0.2714478055,0.06704052985,0.325,2.690152234,2.379942665,2.198442072,1.9947845
E08000023,167691,Suburban,Mid,College,0.0497651493,0.08090824272,0.07087521263,0.06968020904,0.1231483694,0.1861045583,0.2045886138,0.2149296448,0.3254947193,0.4596470261,0.1332101167,0.08164813785,0.3404541412,0.2690075042,0.06551056142,0.3250277932,1.484772096,1.321648138,1.161145081,1.047345748
E08000024,328522,Rural,Mid,Some College,0.04950990098,0.07694684611,0.0702478595,0.07529384941,0.1337637325,0.188494623,0.1983846032,0.2073585853,0.3322000279,0.45857522,0.1285095684,0.08071518368,0.3011730689,0.2951617544,0.0786651767,0.325,2.103047912,1.78218606,1.748558458,1.51226568
E08000025,1300041,Urban,Lower,Some College,0.06376093624,0.09743690256,0.08622891377,0.1222108778,0.1487828512,0.1943728056,0.1567548432,0.1304518695,0.3836660207,0.4208162606,0.1224312477,0.07308647102,0.3219550572,0.2995496493,0.09849529347,0.28,2.868651717,2.627964655,2.362127169,1.871778793
E07000043,112127,Rural,Mid,High School,0.04188904189,0.07387807388,0.06972906973,0.0602040602,0.1032571033,0.1659331659,0.2203352203,0.2647742648,0.2869994717,0.5106708928,0.1218013735,0.08052826202,0.368,0.2769640782,0.04803592182,0.307,0.7647939778,0.5532250396,0.5378605388,0.5941785526
E07000044,100264,Rural,Mid,Some College,0.03736288791,0.07206978379,0.06687079939,0.05433583699,0.08987773037,0.1641935074,0.2270583188,0.2882311353,0.2802840909,0.51515625,0.1229000947,0.08165956439,0.368,0.2769985795,0.04800142045,0.307,0.7955279356,0.5644128788,0.608454072,0.7194318182
E07000045,146461,Rural,Mid,Some College,0.03994303994,0.07061007061,0.06446906447,0.05416105416,0.1007021007,0.1688661689,0.222955223,0.2782932783,0.291183255,0.5052477574,0.123923537,0.07964545066,0.3679747971,0.2769293037,0.04809589919,0.307,1.145382315,0.8679303716,0.9453225117,0.9844639043
E07000046,73242,Rural,Mid,Some College,0.03831603832,0.0681960682,0.06504806505,0.05353605354,0.09365609366,0.1513291513,0.2336752337,0.2962432962,0.2870419505,0.5107923987,0.122459663,0.07970598781,0.368,0.2769361778,0.04806382216,0.307,0.7248762997,0.5130405163,0.5206310506,0.5947292937
E07000047,61643,Rural,Lower,High School,0.037388,0.065086,0.066256,0.055699,0.08742,0.152962,0.238411,0.296778,0.2906927245,0.5127941176,0.1199845201,0.07652863777,0.368002322,0.2769791022,0.04801509288,0.307003483,0.7994001548,0.5768150155,0.6189047988,0.7003134675
E07000061,111160,Suburban,Mid,College,0.04324804325,0.07328807329,0.07256907257,0.07051707052,0.1132471132,0.1803771804,0.1980941981,0.2486592487,0.3306501223,0.4688255855,0.1214924851,0.07903180706,0.348,0.2941656763,0.07983432366,0.278,3.335277875,2.857476407,2.973061866,2.610220203
E07000062,104593,Urban,Mid,College,0.048893,0.078425,0.070413,0.064142,0.118408,0.193688,0.215339,0.210692,0.3217309594,0.47487636,0.1251533136,0.07823936696,0.348,0.2955796241,0.07842037587,0.278,3.279322453,2.822428289,2.969579624,2.632042532
E07000063,112426,Rural,Lower,High School,0.04088312265,0.07289721869,0.07117821353,0.06003018009,0.09336328009,0.1760315281,0.2153916462,0.2702248107,0.3066400709,0.4921660757,0.1212027187,0.07999113475,0.3479905437,0.3024367612,0.07157269504,0.278,2.216583924,1.763294917,1.960325059,1.920177305
E07000064,104904,Rural,Lower,High School,0.03834303834,0.06492006492,0.06599206599,0.05385205385,0.08924108924,0.1424691425,0.2199462199,0.3252363252,0.2896505038,0.5094804786,0.1203117128,0.08055730479,0.348,0.2994993703,0.07450062972,0.278,1.470632872,1.124716625,1.252437028,1.35229534
E07000065,173770,Rural,Lower,High School,0.04435291129,0.07490985018,0.06928986142,0.05619288761,0.09725680549,0.1640476719,0.2222785554,0.2716714567,0.2937335991,0.5061252284,0.1204916127,0.07964955987,0.3479681116,0.3050204285,0.06902076067,0.2779906992,1.421248962,1.0609334,1.148631457,1.286571998
E07000066,210994,Suburban,Mid,College,0.06231987536,0.09532980934,0.07697084606,0.0691008618,0.1361087278,0.2056535887,0.1838836322,0.1706326587,0.3350840942,0.4583974051,0.1277751081,0.0787433926,0.342,0.3191331091,0.06086689092,0.278,1.816398366,1.562049495,1.566013936,1.331902931
E07000105,146056,Rural,Mid,Some College,0.05427994572,0.0884999115,0.07646692353,0.06263093737,0.1269378731,0.1938468062,0.2000777999,0.1972598027,0.3282071214,0.4710330993,0.1219608826,0.07879889669,0.348,0.2887881143,0.08521188566,0.278,1.982738215,1.673427783,1.703219659,1.508816449
E07000106,178279,Rural,Lower,High School,0.04267087199,0.07096878709,0.07392277823,0.1259486222,0.1074766776,0.1697524907,0.1859774421,0.2232823302,0.3537945447,0.4488825341,0.122358117,0.07496480422,0.3478922129,0.274066652,0.1000411351,0.278,2.83391773,2.334936208,2.33507919,2.023972723
E07000107,134363,Suburban,Mid,College,0.06744279767,0.1038326885,0.08239375282,0.06207281378,0.1434605696,0.2387792837,0.167992496,0.1340255979,0.3459770586,0.4536665301,0.1263334699,0.07402294142,0.3455477263,0.2879532978,0.08849897583,0.278,4.873437116,4.421224908,4.432003277,3.557472347
E07000108,130590,Rural,Mid,College,0.04652190696,0.07695784608,0.07357485285,0.05992388015,0.1133437733,0.1721076558,0.2092895814,0.2482805034,0.3085761759,0.4853859918,0.1253911043,0.08064672802,0.3479498978,0.2978466258,0.07620347648,0.278,1.732689162,1.39398773,1.425375767,1.412604806
E07000109,120148,Rural,Mid,College,0.062582,0.094966,0.083292,0.071175,0.131651,0.203929,0.183254,0.169151,0.3380579965,0.4626493849,0.1237390158,0.07555360281,0.34778471,0.2804420035,0.09377328647,0.278,3.585355888,3.206129174,3.211528998,2.58788225
E07000110,195022,Rural,Mid,College,0.057006,0.090548,0.073564,0.06203,0.131253,0.204419,0.191519,0.189661,0.3151949012,0.4782597451,0.1273970072,0.07914834657,0.3479818954,0.2958793645,0.07813874007,0.278,2.446009607,2.068911879,2.196094587,2.01429152
E07000111,131186,Rural,Mid,College,0.052856,0.087937,0.081973,0.057728,0.100132,0.19258,0.205267,0.221527,0.3387816712,0.4617331536,0.1206307278,0.07885444744,0.348,0.3009501348,0.07304986523,0.278,1.899142857,1.51525876,1.654380054,1.546706199
E07000112,128208,Rural,Mid,Some College,0.04539700015,0.07292899696,0.06964700023,0.0603580002,0.1092780004,0.1725260006,0.2127460007,0.2571190008,0.2994365427,0.4920185996,0.126654814,0.08189004376,0.348,0.2919395514,0.08206044858,0.278,1.551107768,1.250437637,1.332278446,1.225519694
E07000113,168393,Rural,Mid,Some College,0.0551969448,0.08974691025,0.07622792377,0.06663793336,0.1279258721,0.1941168059,0.1981588018,0.191988808,0.3262056304,0.474122399,0.1229840881,0.0766878825,0.3468964504,0.2919263158,0.08317723378,0.278,2.120570379,1.782022032,1.83576989,1.655955936
E07000114,159443,Rural,Mid,Some College,0.05070994929,0.07940892059,0.07224592775,0.06155993844,0.1139108861,0.1817288183,0.2018637981,0.2385717614,0.3201020408,0.4757142857,0.1248456944,0.07933797909,0.348,0.2908912394,0.08310876058,0.278,1.761545545,1.43881782,1.508922349,1.398583873
E07000115,154984,Rural,Mid,College,0.05390410781,0.09036618073,0.08082416165,0.06013112026,0.1166072332,0.2015374031,0.2024204048,0.1942093884,0.3222732982,0.4778749058,0.1216377795,0.07821401658,0.3479753831,0.2912180357,0.08280658126,0.278,2.356081387,1.946445617,2.070316503,1.950110525
E07000116,129130,Rural,Mid,Some College,0.051749,0.088375,0.088936,0.052885,0.10821,0.203745,0.205389,0.200711,0.320116159,0.4766391327,0.1232808467,0.07996386164,0.3479747031,0.2972403201,0.07678497677,0.278,1.906597832,1.546313887,1.588791946,1.535962829
E07000171,136842,Rural,Mid,Some College,0.05041684875,0.07865576403,0.06872279383,0.06074981775,0.1225406324,0.1795864612,0.2156383531,0.2236893289,0.3084846154,0.4797,0.1297641026,0.08205128205,0.366,0.3179912821,0.05500871795,0.261,0.8617538462,0.6848692308,0.6698025641,0.5940282051
E07000172,129024,Rural,Mid,College,0.04503209006,0.07566015132,0.06771713543,0.08682417365,0.1292812586,0.1840353681,0.1947803896,0.2166694333,0.3302160494,0.467195216,0.1257175926,0.07687114198,0.366,0.3179969136,0.05500308642,0.261,2.365158179,2.015748457,2.067511574,1.821948302
E07000173,132642,Rural,Lower,High School,0.047305,0.080255,0.070894,0.059795,0.123116,0.194127,0.207282,0.217226,0.3142598745,0.4736766334,0.1318715393,0.08019195275,0.366,0.3180118125,0.05498818752,0.261,1.934636397,1.65015873,1.720103359,1.552539683
E07000174,123582,Rural,Mid,Some College,0.05254778981,0.08499266003,0.07366270535,0.0625507498,0.1291954832,0.1954612182,0.2031951872,0.1983942064,0.3218581081,0.4677552553,0.1296133634,0.08077327327,0.366,0.3179744745,0.05502552553,0.261,1.331835586,1.145045045,1.084102853,0.9324399399
E07000175,138407,Rural,Lower,High School,0.04759619038,0.07660830643,0.06838027352,0.06448725795,0.118988476,0.1794647179,0.2140898564,0.2303849215,0.3115662651,0.4776204819,0.1292332968,0.08157995619,0.366,0.3179685104,0.05503148959,0.261,1.141985214,0.9203559693,0.9046248631,0.8570728368
E07000176,137473,Rural,Mid,College,0.046001954,0.08377291623,0.07545592454,0.06869393131,0.1115068885,0.1926128074,0.202041798,0.2199137801,0.3136508994,0.4810126582,0.1284510326,0.07688540973,0.366,0.3181918721,0.05480812791,0.261,2.244330446,1.819650233,1.964447035,1.922741506
E07000177,183690,Rural,Mid,College,0.05778982663,0.08355574933,0.07411477766,0.06271881184,0.1379785861,0.2128963613,0.1936914189,0.1772544682,0.3078121187,0.4941703945,0.1204229362,0.07759455063,0.3479727532,0.297555917,0.07647702318,0.2779943066,2.356179341,1.960256202,2.088737292,2.036669378
E07000178,195042,Urban,Mid,Graduate,0.044166735,0.06780559317,0.07047357716,0.1993128041,0.1674159955,0.1847398916,0.1455671266,0.1205182769,0.3904463078,0.4161888017,0.1261455234,0.06721936705,0.347973492,0.2574952664,0.1165312415,0.278,7.333153909,6.339962131,6.647251826,5.642291047
E07000179,162309,Rural,Mid,Some College,0.05147953668,0.08230825923,0.0728443444,0.05820347617,0.1180409376,0.1975142224,0.208551123,0.2110581005,0.301747683,0.5061547191,0.1191923586,0.07290523927,0.348,0.2964076036,0.07759239644,0.278,1.98927369,1.572857953,1.790096463,1.846860223
E07000180,158935,Rural,Mid,College,0.05611116833,0.08722726168,0.07780423341,0.06058318175,0.1260683782,0.2028716086,0.1899285698,0.1994055982,0.308381109,0.4912147556,0.1209680451,0.07943609023,0.3479769737,0.3018916823,0.07213134398,0.278,2.222699718,1.829353853,2.001804511,1.959236372
E07000181,131811,Rural,Mid,College,0.05055320221,0.07769031076,0.07248228993,0.06237724951,0.1234814939,0.1866457466,0.2037268149,0.2230428922,0.3005321993,0.5036986634,0.1211834751,0.07458566221,0.3479888214,0.2991547995,0.07486998785,0.2779863913,1.624833536,1.290469016,1.409023086,1.465616039
